ProductID,EAN,WeekoftheYear,Quantity_sum
4260705920003,M.01,19,2
4260705920003,M.01,20,4
4260705920003,M.01,21,2
4260705920003,M.01,22,4
4260705920003,M.01,23,5
4260705920003,M.01,24,5
4260705920003,M.01,25,5
4260705920003,M.01,26,4
4260705920003,M.01,27,2
4260705920003,M.01,28,5
4260705920003,M.01,29,5
4260705920003,M.01,30,1
4260705920003,M.01,31,3
4260705920003,M.01,32,4
4260705920003,M.01,33,3
4260705920003,M.01,34,3
4260705920003,M.01,35,6
4260705920003,M.01,36,4
4260705920003,M.01,37,2
4260705920003,M.01,39,2
4260705920003,M.01,40,4
4260705920003,M.01,41,2
4260705920003,M.01,42,3
4260705920003,M.01,43,3
4260705920003,M.01,46,2
4260705920010,M.02,1,4
4260705920010,M.02,2,5
4260705920010,M.02,3,5
4260705920010,M.02,4,5
4260705920010,M.02,5,6
4260705920010,M.02,19,6
4260705920010,M.02,20,8
4260705920010,M.02,21,8
4260705920010,M.02,22,7
4260705920010,M.02,23,7
4260705920010,M.02,24,7
4260705920010,M.02,25,5
4260705920010,M.02,26,8
4260705920010,M.02,27,8
4260705920010,M.02,28,7
4260705920010,M.02,29,5
4260705920010,M.02,30,6
4260705920010,M.02,31,5
4260705920010,M.02,32,5
4260705920010,M.02,33,3
4260705920010,M.02,34,5
4260705920010,M.02,35,9
4260705920010,M.02,36,8
4260705920010,M.02,37,4
4260705920010,M.02,39,4
4260705920010,M.02,40,5
4260705920010,M.02,41,5
4260705920010,M.02,42,3
4260705920010,M.02,43,2
4260705920010,M.02,44,4
4260705920010,M.02,45,8
4260705920010,M.02,46,6
4260705920010,M.02,47,6
4260705920010,M.02,48,4
4260705920010,M.02,49,5
4260705920010,M.02,50,6
4260705920010,M.02,51,4
4260705920010,M.02,52,3
4260705920027,M.03,1,1
4260705920027,M.03,2,1
4260705920027,M.03,3,4
4260705920027,M.03,4,1
4260705920027,M.03,19,6
4260705920027,M.03,20,6
4260705920027,M.03,21,5
4260705920027,M.03,22,6
4260705920027,M.03,23,5
4260705920027,M.03,24,5
4260705920027,M.03,25,6
4260705920027,M.03,26,4
4260705920027,M.03,27,6
4260705920027,M.03,28,6
4260705920027,M.03,29,5
4260705920027,M.03,30,5
4260705920027,M.03,31,5
4260705920027,M.03,32,4
4260705920027,M.03,33,4
4260705920027,M.03,34,4
4260705920027,M.03,35,7
4260705920027,M.03,36,6
4260705920027,M.03,37,3
4260705920027,M.03,39,3
4260705920027,M.03,40,5
4260705920027,M.03,41,4
4260705920027,M.03,42,3
4260705920027,M.03,43,3
4260705920027,M.03,46,1
4260705920027,M.03,47,1
4260705920027,M.03,49,3
4260705920027,M.03,50,2
4260705920027,M.03,51,2
4260705920027,M.03,52,2
4260705920034,M.04,1,3
4260705920034,M.04,2,5
4260705920034,M.04,3,6
4260705920034,M.04,4,5
4260705920034,M.04,5,5
4260705920034,M.04,19,7
4260705920034,M.04,20,7
4260705920034,M.04,21,7
4260705920034,M.04,22,7
4260705920034,M.04,23,5
4260705920034,M.04,24,6
4260705920034,M.04,25,6
4260705920034,M.04,26,4
4260705920034,M.04,27,8
4260705920034,M.04,28,7
4260705920034,M.04,29,8
4260705920034,M.04,30,7
4260705920034,M.04,31,6
4260705920034,M.04,32,10
4260705920034,M.04,33,6
4260705920034,M.04,34,5
4260705920034,M.04,35,8
4260705920034,M.04,36,8
4260705920034,M.04,37,4
4260705920034,M.04,39,3
4260705920034,M.04,40,5
4260705920034,M.04,41,4
4260705920034,M.04,42,5
4260705920034,M.04,43,2
4260705920034,M.04,44,2
4260705920034,M.04,45,5
4260705920034,M.04,46,4
4260705920034,M.04,47,4
4260705920034,M.04,48,4
4260705920034,M.04,49,3
4260705920034,M.04,50,3
4260705920034,M.04,51,3
4260705920034,M.04,52,4
4260705920041,M.05,32,1
4260705920041,M.05,46,1
4260705920041,M.05,51,1
4260705920041,M.05,52,1
4260705920058,M.06,1,3
4260705920058,M.06,19,6
4260705920058,M.06,20,8
4260705920058,M.06,21,8
4260705920058,M.06,22,5
4260705920058,M.06,23,4
4260705920058,M.06,24,6
4260705920058,M.06,25,3
4260705920058,M.06,26,4
4260705920058,M.06,27,7
4260705920058,M.06,28,3
4260705920058,M.06,29,5
4260705920058,M.06,30,4
4260705920058,M.06,31,2
4260705920058,M.06,32,4
4260705920058,M.06,33,2
4260705920058,M.06,34,4
4260705920058,M.06,35,7
4260705920058,M.06,36,6
4260705920058,M.06,37,3
4260705920058,M.06,39,3
4260705920058,M.06,40,3
4260705920058,M.06,41,3
4260705920058,M.06,42,2
4260705920058,M.06,43,3
4260705920058,M.06,44,4
4260705920058,M.06,45,1
4260705920058,M.06,46,3
4260705920058,M.06,47,2
4260705920058,M.06,48,2
4260705920058,M.06,49,4
4260705920058,M.06,50,5
4260705920058,M.06,51,3
4260705920058,M.06,52,3
4260705920065,M.07,3,1
4260705920065,M.07,5,1
4260705920065,M.07,19,3
4260705920065,M.07,20,6
4260705920065,M.07,21,4
4260705920065,M.07,22,4
4260705920065,M.07,23,2
4260705920065,M.07,24,6
4260705920065,M.07,25,6
4260705920065,M.07,26,5
4260705920065,M.07,27,6
4260705920065,M.07,28,5
4260705920065,M.07,33,3
4260705920065,M.07,34,5
4260705920065,M.07,35,6
4260705920065,M.07,36,5
4260705920065,M.07,37,2
4260705920065,M.07,38,3
4260705920065,M.07,39,2
4260705920065,M.07,40,1
4260705920065,M.07,42,2
4260705920065,M.07,43,2
4260705920065,M.07,44,2
4260705920065,M.07,46,3
4260705920065,M.07,47,2
4260705920072,M.08,1,5
4260705920072,M.08,2,6
4260705920072,M.08,3,6
4260705920072,M.08,4,6
4260705920072,M.08,5,6
4260705920072,M.08,19,10
4260705920072,M.08,20,13
4260705920072,M.08,21,13
4260705920072,M.08,22,13
4260705920072,M.08,23,9
4260705920072,M.08,24,11
4260705920072,M.08,25,10
4260705920072,M.08,26,13
4260705920072,M.08,27,14
4260705920072,M.08,28,12
4260705920072,M.08,29,12
4260705920072,M.08,30,11
4260705920072,M.08,31,11
4260705920072,M.08,32,12
4260705920072,M.08,33,13
4260705920072,M.08,34,11
4260705920072,M.08,35,15
4260705920072,M.08,36,14
4260705920072,M.08,37,8
4260705920072,M.08,38,13
4260705920072,M.08,39,14
4260705920072,M.08,40,10
4260705920072,M.08,41,9
4260705920072,M.08,42,11
4260705920072,M.08,43,9
4260705920072,M.08,44,3
4260705920072,M.08,45,7
4260705920072,M.08,46,5
4260705920072,M.08,47,5
4260705920072,M.08,48,6
4260705920072,M.08,49,6
4260705920072,M.08,50,7
4260705920072,M.08,51,5
4260705920072,M.08,52,1
4260705920089,M.09,2,1
4260705920089,M.09,3,2
4260705920089,M.09,4,2
4260705920089,M.09,5,2
4260705920089,M.09,19,3
4260705920089,M.09,20,6
4260705920089,M.09,21,2
4260705920089,M.09,22,3
4260705920089,M.09,23,2
4260705920089,M.09,24,3
4260705920089,M.09,25,3
4260705920089,M.09,26,4
4260705920089,M.09,27,6
4260705920089,M.09,28,4
4260705920089,M.09,29,3
4260705920089,M.09,31,2
4260705920089,M.09,32,4
4260705920089,M.09,33,2
4260705920089,M.09,34,5
4260705920089,M.09,35,4
4260705920089,M.09,37,2
4260705920089,M.09,39,1
4260705920089,M.09,44,1
4260705920089,M.09,45,3
4260705920089,M.09,46,2
4260705920089,M.09,47,2
4260705920089,M.09,48,1
4260705920089,M.09,49,2
4260705920089,M.09,50,1
4260705920089,M.09,51,1
4260705920096,M.10,1,4
4260705920096,M.10,2,6
4260705920096,M.10,3,5
4260705920096,M.10,4,4
4260705920096,M.10,5,4
4260705920096,M.10,19,8
4260705920096,M.10,20,7
4260705920096,M.10,21,8
4260705920096,M.10,22,6
4260705920096,M.10,23,2
4260705920096,M.10,24,6
4260705920096,M.10,25,6
4260705920096,M.10,26,8
4260705920096,M.10,27,6
4260705920096,M.10,28,5
4260705920096,M.10,29,10
4260705920096,M.10,30,5
4260705920096,M.10,31,10
4260705920096,M.10,32,10
4260705920096,M.10,33,6
4260705920096,M.10,34,6
4260705920096,M.10,35,6
4260705920096,M.10,36,7
4260705920096,M.10,37,5
4260705920096,M.10,38,7
4260705920096,M.10,39,6
4260705920096,M.10,40,5
4260705920096,M.10,41,4
4260705920096,M.10,42,3
4260705920096,M.10,43,3
4260705920096,M.10,44,4
4260705920096,M.10,45,6
4260705920096,M.10,46,4
4260705920096,M.10,47,2
4260705920096,M.10,48,4
4260705920096,M.10,49,3
4260705920096,M.10,50,4
4260705920096,M.10,51,2
4260705920096,M.10,52,2
4260705920102,M.11,1,6
4260705920102,M.11,2,6
4260705920102,M.11,3,6
4260705920102,M.11,4,8
4260705920102,M.11,5,7
4260705920102,M.11,19,8
4260705920102,M.11,20,10
4260705920102,M.11,21,11
4260705920102,M.11,22,8
4260705920102,M.11,23,6
4260705920102,M.11,24,9
4260705920102,M.11,25,9
4260705920102,M.11,26,11
4260705920102,M.11,27,10
4260705920102,M.11,28,7
4260705920102,M.11,29,9
4260705920102,M.11,30,7
4260705920102,M.11,31,7
4260705920102,M.11,32,10
4260705920102,M.11,33,7
4260705920102,M.11,34,6
4260705920102,M.11,35,7
4260705920102,M.11,36,9
4260705920102,M.11,37,9
4260705920102,M.11,38,5
4260705920102,M.11,39,8
4260705920102,M.11,40,7
4260705920102,M.11,41,7
4260705920102,M.11,42,6
4260705920102,M.11,43,7
4260705920102,M.11,44,5
4260705920102,M.11,45,5
4260705920102,M.11,46,3
4260705920102,M.11,47,4
4260705920102,M.11,48,5
4260705920102,M.11,49,5
4260705920102,M.11,50,5
4260705920102,M.11,51,4
4260705920102,M.11,52,5
4260705920119,M.12,1,4
4260705920119,M.12,2,6
4260705920119,M.12,3,5
4260705920119,M.12,4,5
4260705920119,M.12,5,3
4260705920119,M.12,19,8
4260705920119,M.12,20,8
4260705920119,M.12,21,8
4260705920119,M.12,22,8
4260705920119,M.12,23,7
4260705920119,M.12,24,6
4260705920119,M.12,25,3
4260705920119,M.12,26,10
4260705920119,M.12,27,8
4260705920119,M.12,28,6
4260705920119,M.12,29,5
4260705920119,M.12,30,6
4260705920119,M.12,31,7
4260705920119,M.12,32,6
4260705920119,M.12,33,7
4260705920119,M.12,34,6
4260705920119,M.12,35,5
4260705920119,M.12,36,5
4260705920119,M.12,37,7
4260705920119,M.12,38,5
4260705920119,M.12,39,8
4260705920119,M.12,40,4
4260705920119,M.12,41,5
4260705920119,M.12,42,4
4260705920119,M.12,43,6
4260705920119,M.12,44,5
4260705920119,M.12,45,8
4260705920119,M.12,46,4
4260705920119,M.12,47,6
4260705920119,M.12,48,1
4260705920119,M.12,50,2
4260705920119,M.12,51,5
4260705920119,M.12,52,5
4260705920126,M.13,5,2
4260705920126,M.13,51,1
4260705920133,M.14,1,1
4260705920133,M.14,2,1
4260705920133,M.14,5,1
4260705920133,M.14,20,1
4260705920133,M.14,34,1
4260705920133,M.14,37,1
4260705920133,M.14,39,1
4260705920133,M.14,47,1
4260705920133,M.14,48,1
4260705920133,M.14,50,1
4260705920140,M.15,1,5
4260705920140,M.15,2,5
4260705920140,M.15,3,4
4260705920140,M.15,4,3
4260705920140,M.15,5,1
4260705920140,M.15,19,5
4260705920140,M.15,20,3
4260705920140,M.15,21,7
4260705920140,M.15,22,3
4260705920140,M.15,23,4
4260705920140,M.15,24,4
4260705920140,M.15,25,4
4260705920140,M.15,26,4
4260705920140,M.15,27,1
4260705920140,M.15,28,5
4260705920140,M.15,29,5
4260705920140,M.15,30,2
4260705920140,M.15,31,6
4260705920140,M.15,32,6
4260705920140,M.15,33,4
4260705920140,M.15,34,3
4260705920140,M.15,35,3
4260705920140,M.15,36,3
4260705920140,M.15,37,3
4260705920140,M.15,38,4
4260705920140,M.15,39,6
4260705920140,M.15,40,1
4260705920140,M.15,41,5
4260705920140,M.15,42,4
4260705920140,M.15,43,3
4260705920140,M.15,46,1
4260705920140,M.15,47,2
4260705920140,M.15,49,4
4260705920140,M.15,50,2
4260705920140,M.15,51,2
4260705920140,M.15,52,4
4260705920157,M.16,1,5
4260705920157,M.16,2,6
4260705920157,M.16,3,6
4260705920157,M.16,4,4
4260705920157,M.16,5,6
4260705920157,M.16,19,9
4260705920157,M.16,20,10
4260705920157,M.16,21,11
4260705920157,M.16,22,8
4260705920157,M.16,23,8
4260705920157,M.16,24,9
4260705920157,M.16,25,10
4260705920157,M.16,26,12
4260705920157,M.16,27,11
4260705920157,M.16,28,8
4260705920157,M.16,29,10
4260705920157,M.16,30,5
4260705920157,M.16,31,8
4260705920157,M.16,32,7
4260705920157,M.16,33,12
4260705920157,M.16,34,8
4260705920157,M.16,35,8
4260705920157,M.16,36,8
4260705920157,M.16,37,8
4260705920157,M.16,38,11
4260705920157,M.16,39,8
4260705920157,M.16,40,5
4260705920157,M.16,41,8
4260705920157,M.16,42,5
4260705920157,M.16,43,8
4260705920157,M.16,44,5
4260705920157,M.16,45,3
4260705920157,M.16,46,2
4260705920157,M.16,47,1
4260705920157,M.16,48,3
4260705920157,M.16,49,4
4260705920157,M.16,50,6
4260705920157,M.16,51,4
4260705920157,M.16,52,5
4260705920164,M.17,1,6
4260705920164,M.17,2,6
4260705920164,M.17,3,5
4260705920164,M.17,4,6
4260705920164,M.17,5,6
4260705920164,M.17,19,5
4260705920164,M.17,20,9
4260705920164,M.17,21,12
4260705920164,M.17,22,8
4260705920164,M.17,23,10
4260705920164,M.17,24,9
4260705920164,M.17,25,10
4260705920164,M.17,26,9
4260705920164,M.17,27,9
4260705920164,M.17,28,6
4260705920164,M.17,29,10
4260705920164,M.17,30,5
4260705920164,M.17,31,9
4260705920164,M.17,32,6
4260705920164,M.17,33,6
4260705920164,M.17,34,4
4260705920164,M.17,35,4
4260705920164,M.17,36,9
4260705920164,M.17,37,7
4260705920164,M.17,38,8
4260705920164,M.17,39,12
4260705920164,M.17,40,4
4260705920164,M.17,41,6
4260705920164,M.17,42,7
4260705920164,M.17,43,7
4260705920164,M.17,44,5
4260705920164,M.17,45,6
4260705920164,M.17,46,5
4260705920164,M.17,47,5
4260705920164,M.17,48,4
4260705920164,M.17,49,5
4260705920164,M.17,50,6
4260705920164,M.17,51,5
4260705920164,M.17,52,3
4260705920171,M.18,5,2
4260705920171,M.18,19,5
4260705920171,M.18,21,1
4260705920171,M.18,22,3
4260705920171,M.18,23,8
4260705920171,M.18,26,1
4260705920171,M.18,27,1
4260705920171,M.18,28,2
4260705920171,M.18,31,2
4260705920171,M.18,38,1
4260705920171,M.18,43,1
4260705920171,M.18,46,1
4260705920188,M.19,20,2
4260705920188,M.19,21,2
4260705920188,M.19,22,2
4260705920188,M.19,23,1
4260705920188,M.19,25,3
4260705920188,M.19,26,4
4260705920188,M.19,27,3
4260705920188,M.19,28,2
4260705920188,M.19,33,1
4260705920188,M.19,34,3
4260705920188,M.19,35,2
4260705920188,M.19,36,2
4260705920195,M.22,2,1
4260705920195,M.22,4,1
4260705920195,M.22,5,1
4260705920195,M.22,19,2
4260705920195,M.22,20,2
4260705920195,M.22,22,1
4260705920195,M.22,25,1
4260705920195,M.22,26,1
4260705920195,M.22,32,1
4260705920195,M.22,37,1
4260705920195,M.22,38,1
4260705920195,M.22,39,1
4260705920195,M.22,41,1
4260705920201,M.23,3,1
4260705920201,M.23,28,1
4260705920201,M.23,29,1
4260705920201,M.23,52,1
4260705920218,M.24,3,1
4260705920225,M.25,2,2
4260705920225,M.25,3,1
4260705920225,M.25,4,2
4260705920225,M.25,5,2
4260705920225,M.25,19,3
4260705920225,M.25,20,1
4260705920225,M.25,21,1
4260705920225,M.25,22,3
4260705920225,M.25,23,1
4260705920225,M.25,24,3
4260705920225,M.25,25,3
4260705920225,M.25,26,3
4260705920225,M.25,27,3
4260705920225,M.25,28,3
4260705920225,M.25,29,2
4260705920225,M.25,31,2
4260705920225,M.25,32,1
4260705920225,M.25,33,1
4260705920225,M.25,34,3
4260705920225,M.25,35,1
4260705920225,M.25,37,1
4260705920225,M.25,38,4
4260705920225,M.25,39,3
4260705920225,M.25,40,3
4260705920225,M.25,41,1
4260705920225,M.25,42,5
4260705920225,M.25,43,2
4260705920225,M.25,44,4
4260705920225,M.25,45,3
4260705920225,M.25,46,1
4260705920225,M.25,47,1
4260705920225,M.25,48,1
4260705920225,M.25,49,2
4260705920225,M.25,50,2
4260705920225,M.25,51,2
4260705920225,M.25,52,2
4260705920232,M.26,1,2
4260705920232,M.26,5,2
4260705920249,M.27,1,6
4260705920249,M.27,2,6
4260705920249,M.27,3,7
4260705920249,M.27,4,7
4260705920249,M.27,5,7
4260705920249,M.27,19,11
4260705920249,M.27,20,15
4260705920249,M.27,21,18
4260705920249,M.27,22,17
4260705920249,M.27,23,11
4260705920249,M.27,24,16
4260705920249,M.27,25,13
4260705920249,M.27,26,14
4260705920249,M.27,27,18
4260705920249,M.27,28,14
4260705920249,M.27,29,16
4260705920249,M.27,30,9
4260705920249,M.27,31,14
4260705920249,M.27,32,14
4260705920249,M.27,33,12
4260705920249,M.27,34,10
4260705920249,M.27,35,12
4260705920249,M.27,36,13
4260705920249,M.27,37,11
4260705920249,M.27,38,14
4260705920249,M.27,39,15
4260705920249,M.27,40,9
4260705920249,M.27,41,11
4260705920249,M.27,42,8
4260705920249,M.27,43,9
4260705920249,M.27,44,6
4260705920249,M.27,45,8
4260705920249,M.27,46,9
4260705920249,M.27,47,8
4260705920249,M.27,48,5
4260705920249,M.27,49,6
4260705920249,M.27,50,6
4260705920249,M.27,51,5
4260705920249,M.27,52,4
4260705920256,M.28,1,1
4260705920256,M.28,3,1
4260705920256,M.28,5,2
4260705920256,M.28,50,1
4260705920256,M.28,51,1
4260705920263,MS.01,20,1
4260705920263,MS.01,33,1
4260705920263,MS.01,35,2
4260705920263,MS.01,41,1
4260705920263,MS.01,42,1
4260705920263,MS.01,43,1
4260705920263,MS.01,52,1
4260705920270,MS.02,3,1
4260705920270,MS.02,40,1
4260705920270,MS.02,52,1
4260705920287,MS.03,5,1
4260705920287,MS.03,21,1
4260705920287,MS.03,23,1
4260705920287,MS.03,31,1
4260705920287,MS.03,32,1
4260705920287,MS.03,33,1
4260705920287,MS.03,36,1
4260705920287,MS.03,40,1
4260705920287,MS.03,44,1
4260705920287,MS.03,50,1
4260705920294,MS.04,1,18
4260705920294,MS.04,2,19
4260705920294,MS.04,3,16
4260705920294,MS.04,4,14
4260705920294,MS.04,5,13
4260705920294,MS.04,19,23
4260705920294,MS.04,20,27
4260705920294,MS.04,21,19
4260705920294,MS.04,22,22
4260705920294,MS.04,23,22
4260705920294,MS.04,24,21
4260705920294,MS.04,25,21
4260705920294,MS.04,26,24
4260705920294,MS.04,27,24
4260705920294,MS.04,28,22
4260705920294,MS.04,29,22
4260705920294,MS.04,30,18
4260705920294,MS.04,31,21
4260705920294,MS.04,32,19
4260705920294,MS.04,33,23
4260705920294,MS.04,34,18
4260705920294,MS.04,35,18
4260705920294,MS.04,36,20
4260705920294,MS.04,37,12
4260705920294,MS.04,38,17
4260705920294,MS.04,39,20
4260705920294,MS.04,40,16
4260705920294,MS.04,41,17
4260705920294,MS.04,42,17
4260705920294,MS.04,43,16
4260705920294,MS.04,44,17
4260705920294,MS.04,45,16
4260705920294,MS.04,46,12
4260705920294,MS.04,47,19
4260705920294,MS.04,48,14
4260705920294,MS.04,49,13
4260705920294,MS.04,50,18
4260705920294,MS.04,51,17
4260705920294,MS.04,52,14
4260705920300,MS.05,1,4
4260705920300,MS.05,2,4
4260705920300,MS.05,3,4
4260705920300,MS.05,4,2
4260705920300,MS.05,5,4
4260705920300,MS.05,19,8
4260705920300,MS.05,20,12
4260705920300,MS.05,21,10
4260705920300,MS.05,22,8
4260705920300,MS.05,23,6
4260705920300,MS.05,24,5
4260705920300,MS.05,25,5
4260705920300,MS.05,26,6
4260705920300,MS.05,27,6
4260705920300,MS.05,28,5
4260705920300,MS.05,29,10
4260705920300,MS.05,30,5
4260705920300,MS.05,31,8
4260705920300,MS.05,32,8
4260705920300,MS.05,33,6
4260705920300,MS.05,34,4
4260705920300,MS.05,35,7
4260705920300,MS.05,36,7
4260705920300,MS.05,37,6
4260705920300,MS.05,38,4
4260705920300,MS.05,39,7
4260705920300,MS.05,40,4
4260705920300,MS.05,41,5
4260705920300,MS.05,42,3
4260705920300,MS.05,43,4
4260705920300,MS.05,44,6
4260705920300,MS.05,45,6
4260705920300,MS.05,46,4
4260705920300,MS.05,47,5
4260705920300,MS.05,48,4
4260705920300,MS.05,49,3
4260705920300,MS.05,50,5
4260705920300,MS.05,51,4
4260705920300,MS.05,52,6
4260705920317,MS.06,1,4
4260705920317,MS.06,2,5
4260705920317,MS.06,3,3
4260705920317,MS.06,4,2
4260705920317,MS.06,5,2
4260705920317,MS.06,19,8
4260705920317,MS.06,20,11
4260705920317,MS.06,21,10
4260705920317,MS.06,22,8
4260705920317,MS.06,23,6
4260705920317,MS.06,24,10
4260705920317,MS.06,25,10
4260705920317,MS.06,26,11
4260705920317,MS.06,27,6
4260705920317,MS.06,28,9
4260705920317,MS.06,29,11
4260705920317,MS.06,30,6
4260705920317,MS.06,31,10
4260705920317,MS.06,32,9
4260705920317,MS.06,33,4
4260705920317,MS.06,34,7
4260705920317,MS.06,35,10
4260705920317,MS.06,36,9
4260705920317,MS.06,37,4
4260705920317,MS.06,38,4
4260705920317,MS.06,39,8
4260705920317,MS.06,40,5
4260705920317,MS.06,41,5
4260705920317,MS.06,42,4
4260705920317,MS.06,43,4
4260705920317,MS.06,44,5
4260705920317,MS.06,45,2
4260705920317,MS.06,46,3
4260705920317,MS.06,47,2
4260705920317,MS.06,48,2
4260705920317,MS.06,49,1
4260705920317,MS.06,50,1
4260705920317,MS.06,51,2
4260705920317,MS.06,52,2
4260705920324,MS.07,1,11
4260705920324,MS.07,2,10
4260705920324,MS.07,3,10
4260705920324,MS.07,4,10
4260705920324,MS.07,5,9
4260705920324,MS.07,19,12
4260705920324,MS.07,20,16
4260705920324,MS.07,21,14
4260705920324,MS.07,22,14
4260705920324,MS.07,23,16
4260705920324,MS.07,24,12
4260705920324,MS.07,25,17
4260705920324,MS.07,26,17
4260705920324,MS.07,27,16
4260705920324,MS.07,28,16
4260705920324,MS.07,29,12
4260705920324,MS.07,30,14
4260705920324,MS.07,31,16
4260705920324,MS.07,32,15
4260705920324,MS.07,33,17
4260705920324,MS.07,34,20
4260705920324,MS.07,35,16
4260705920324,MS.07,36,17
4260705920324,MS.07,37,15
4260705920324,MS.07,38,11
4260705920324,MS.07,39,16
4260705920324,MS.07,40,16
4260705920324,MS.07,41,10
4260705920324,MS.07,42,10
4260705920324,MS.07,43,14
4260705920324,MS.07,44,10
4260705920324,MS.07,45,10
4260705920324,MS.07,46,11
4260705920324,MS.07,47,12
4260705920324,MS.07,48,11
4260705920324,MS.07,49,7
4260705920324,MS.07,50,12
4260705920324,MS.07,51,11
4260705920324,MS.07,52,8
4260705920331,M.21,1,6
4260705920331,M.21,2,2
4260705920331,M.21,3,3
4260705920331,M.21,4,4
4260705920331,M.21,5,2
4260705920331,M.21,19,2
4260705920331,M.21,20,2
4260705920331,M.21,21,3
4260705920331,M.21,22,4
4260705920331,M.21,23,3
4260705920331,M.21,24,4
4260705920331,M.21,25,6
4260705920331,M.21,26,5
4260705920331,M.21,27,6
4260705920331,M.21,28,4
4260705920331,M.21,29,4
4260705920331,M.21,30,3
4260705920331,M.21,31,5
4260705920331,M.21,32,5
4260705920331,M.21,33,2
4260705920331,M.21,34,6
4260705920331,M.21,35,9
4260705920331,M.21,36,5
4260705920331,M.21,37,5
4260705920331,M.21,38,2
4260705920331,M.21,39,5
4260705920331,M.21,40,4
4260705920331,M.21,41,2
4260705920331,M.21,42,5
4260705920331,M.21,43,1
4260705920331,M.21,44,5
4260705920331,M.21,45,3
4260705920331,M.21,46,6
4260705920331,M.21,47,4
4260705920331,M.21,48,4
4260705920331,M.21,49,2
4260705920331,M.21,50,6
4260705920331,M.21,51,4
4260705920331,M.21,52,2
4260705920355,,27,1
4260705920362,MZ.01,21,3
4260705920362,MZ.01,22,1
4260705920362,MZ.01,23,5
4260705920362,MZ.01,25,2
4260705920362,MZ.01,27,2
4260705920362,MZ.01,30,1
4260705920362,MZ.01,31,1
4260705920362,MZ.01,32,3
4260705920362,MZ.01,33,2
4260705920362,MZ.01,35,1
4260705920362,MZ.01,37,1
4260705920362,MZ.01,42,1
4260705920362,MZ.01,50,1
4260705920362,MZ.01,51,1
4260705920393,M.31,2,1
4260705920393,M.31,3,1
4260705920393,M.31,4,1
4260705920393,M.31,5,2
4260705920393,M.31,19,1
4260705920393,M.31,20,2
4260705920393,M.31,23,1
4260705920393,M.31,24,2
4260705920393,M.31,25,1
4260705920393,M.31,26,2
4260705920393,M.31,27,1
4260705920393,M.31,29,2
4260705920393,M.31,30,1
4260705920393,M.31,31,2
4260705920393,M.31,32,2
4260705920393,M.31,34,1
4260705920393,M.31,37,2
4260705920393,M.31,38,3
4260705920393,M.31,39,3
4260705920393,M.31,40,2
4260705920393,M.31,41,3
4260705920393,M.31,42,2
4260705920393,M.31,43,1
4260705920393,M.31,44,2
4260705920393,M.31,45,2
4260705920393,M.31,46,1
4260705920393,M.31,47,1
4260705920393,M.31,48,1
4260705920393,M.31,49,1
4260705920393,M.31,50,1
4260705920393,M.31,51,1
4260705920393,M.31,52,2
4260705920409,MS.08,21,2
4260705920409,MS.08,22,6
4260705920409,MS.08,23,6
4260705920409,MS.08,24,6
4260705920409,MS.08,25,10
4260705920409,MS.08,26,6
4260705920409,MS.08,27,5
4260705920409,MS.08,28,6
4260705920409,MS.08,30,1
4260705920409,MS.08,33,2
4260705920409,MS.08,34,5
4260705920409,MS.08,35,5
4260705920409,MS.08,36,6
4260705920409,MS.08,37,4
4260705920409,MS.08,38,3
4260705920409,MS.08,39,2
4260705920409,MS.08,40,3
4260705920409,MS.08,41,3
4260705920409,MS.08,42,4
4260705920409,MS.08,43,2
4260705920416,MS.09,1,6
4260705920416,MS.09,2,9
4260705920416,MS.09,3,11
4260705920416,MS.09,4,10
4260705920416,MS.09,5,10
4260705920416,MS.09,19,14
4260705920416,MS.09,20,14
4260705920416,MS.09,21,13
4260705920416,MS.09,22,13
4260705920416,MS.09,23,11
4260705920416,MS.09,24,12
4260705920416,MS.09,25,12
4260705920416,MS.09,26,15
4260705920416,MS.09,27,13
4260705920416,MS.09,28,12
4260705920416,MS.09,29,10
4260705920416,MS.09,30,10
4260705920416,MS.09,31,8
4260705920416,MS.09,32,12
4260705920416,MS.09,33,12
4260705920416,MS.09,34,9
4260705920416,MS.09,35,11
4260705920416,MS.09,36,11
4260705920416,MS.09,37,9
4260705920416,MS.09,38,12
4260705920416,MS.09,39,12
4260705920416,MS.09,40,8
4260705920416,MS.09,41,10
4260705920416,MS.09,42,9
4260705920416,MS.09,43,7
4260705920416,MS.09,44,6
4260705920416,MS.09,45,8
4260705920416,MS.09,46,7
4260705920416,MS.09,47,9
4260705920416,MS.09,48,7
4260705920416,MS.09,49,7
4260705920416,MS.09,50,7
4260705920416,MS.09,51,6
4260705920416,MS.09,52,3
4260705920423,M.32,1,6
4260705920423,M.32,2,5
4260705920423,M.32,3,5
4260705920423,M.32,4,3
4260705920423,M.32,5,5
4260705920423,M.32,19,2
4260705920423,M.32,20,7
4260705920423,M.32,21,9
4260705920423,M.32,22,6
4260705920423,M.32,24,9
4260705920423,M.32,25,7
4260705920423,M.32,26,6
4260705920423,M.32,27,6
4260705920423,M.32,28,8
4260705920423,M.32,29,8
4260705920423,M.32,30,6
4260705920423,M.32,31,10
4260705920423,M.32,32,5
4260705920423,M.32,33,6
4260705920423,M.32,34,8
4260705920423,M.32,35,7
4260705920423,M.32,36,7
4260705920423,M.32,37,5
4260705920423,M.32,38,3
4260705920423,M.32,39,8
4260705920423,M.32,40,2
4260705920423,M.32,41,6
4260705920423,M.32,42,7
4260705920423,M.32,43,6
4260705920423,M.32,44,4
4260705920423,M.32,45,6
4260705920423,M.32,46,6
4260705920423,M.32,47,6
4260705920423,M.32,48,4
4260705920423,M.32,49,5
4260705920423,M.32,50,5
4260705920423,M.32,51,2
4260705920423,M.32,52,3
4260705920430,M.37,1,1
4260705920430,M.37,2,1
4260705920430,M.37,3,1
4260705920430,M.37,5,1
4260705920430,M.37,43,1
4260705920430,M.37,45,1
4260705920430,M.37,52,1
4260705920461,M.36,52,1
4260705920478,MS.13,49,1
4260705920478,MS.13,50,1
4260705920492,MS.11,1,2
4260705920492,MS.11,5,2
4260705920508,MS.12,1,2
4260705920508,MS.12,2,2
4260705920508,MS.12,3,2
4260705920508,MS.12,4,3
4260705920508,MS.12,5,2
4260705920508,MS.12,44,3
4260705920508,MS.12,45,1
4260705920508,MS.12,46,1
4260705920508,MS.12,47,3
4260705920508,MS.12,48,1
4260705920508,MS.12,50,2
4260705920515,M.40,1,2
4260705920515,M.40,2,5
4260705920515,M.40,3,4
4260705920515,M.40,4,2
4260705920515,M.40,44,1
4260705920515,M.40,45,3
4260705920515,M.40,46,3
4260705920515,M.40,47,5
4260705920515,M.40,48,3
4260705920515,M.40,49,1
4260705920515,M.40,50,4
4260705920515,M.40,51,3
4260705920515,M.40,52,1
4260705920522,M.41,1,7
4260705920522,M.41,2,4
4260705920522,M.41,3,6
4260705920522,M.41,4,5
4260705920522,M.41,5,8
4260705920522,M.41,44,2
4260705920522,M.41,45,2
4260705920522,M.41,46,8
4260705920522,M.41,47,7
4260705920522,M.41,48,5
4260705920522,M.41,49,4
4260705920522,M.41,50,7
4260705920522,M.41,51,5
4260705920522,M.41,52,3
4260705920539,M.42,5,1
4260705920539,M.42,44,4
4260705920539,M.42,45,2
4260705920539,M.42,46,1
4260705920539,M.42,47,2
4260705920539,M.42,52,1
4260705920546,M.43,1,5
4260705920546,M.43,2,5
4260705920546,M.43,3,4
4260705920546,M.43,4,4
4260705920546,M.43,5,3
4260705920546,M.43,44,4
4260705920546,M.43,45,2
4260705920546,M.43,46,3
4260705920546,M.43,47,3
4260705920546,M.43,48,2
4260705920546,M.43,49,2
4260705920546,M.43,50,3
4260705920553,M.44,1,1
4260705920553,M.44,45,1
4260705920553,M.44,46,2
4260705920553,M.44,47,3
4260705920560,M.45,1,2
4260705920560,M.45,2,2
4260705920560,M.45,3,1
4260705920560,M.45,4,1
4260705920560,M.45,5,3
4260705920560,M.45,44,2
4260705920560,M.45,45,2
4260705920560,M.45,46,2
4260705920560,M.45,47,3
4260705920560,M.45,48,2
4260705920560,M.45,49,1
4260705920560,M.45,50,2
4260705920560,M.45,51,1
4260705920560,M.45,52,1
4260705920584,M.46,3,1
4260705920584,M.46,5,1
4260705920584,M.46,45,2
4260705920584,M.46,46,4
4260705920584,M.46,47,1
4260705920591,M.47,1,2
4260705920591,M.47,2,3
4260705920591,M.47,3,1
4260705920591,M.47,4,1
4260705920591,M.47,5,3
4260705920591,M.47,45,3
4260705920591,M.47,47,1
4260705920591,M.47,48,1
4260705920591,M.47,49,2
4260705920591,M.47,50,4
4260705920591,M.47,51,1
4260705920591,M.47,52,3
4260705920607,M.48,5,2
4260705920607,M.48,46,3
4260705920607,M.48,51,2
4260705920638,M.51,2,3
4260705920638,M.51,45,1
4260705920638,M.51,48,1
