Date,ProductID,Quantity,Price,Quantity_perWeek,Price_Total_perOrder,MonthoftheYear,WeekoftheYear,WeekoftheMonth,DayoftheYear,DayoftheMonth,DayoftheWeek,isWeekend
2022-09-09,4260705920010,1,4.29,-1,4.29,9,36,1,252,9,4,False
2022-09-09,4260705920102,1,6.79,-1,6.79,9,36,1,252,9,4,False
2022-09-09,4260705920119,1,7.99,-1,7.99,9,36,1,252,9,4,False
2022-09-09,4260705920140,1,8.19,-1,8.19,9,36,1,252,9,4,False
2022-09-09,4260705920157,1,7.49,-1,7.49,9,36,1,252,9,4,False
2022-09-09,4260705920294,2,15.99,-2,31.98,9,36,1,252,9,4,False
2022-09-09,4260705920324,1,10.99,-1,10.99,9,36,1,252,9,4,False
2022-09-09,4260705920416,2,5.99,-2,11.98,9,36,1,252,9,4,False
2022-09-10,4260705920324,2,10.99,-3,21.98,9,36,1,253,10,5,True
2022-09-10,4260705920072,1,5.79,-1,5.79,9,36,1,253,10,5,True
2022-09-10,4260705920331,1,8.69,-1,8.69,9,36,1,253,10,5,True
2022-09-10,4260705920409,1,17.49,-1,17.49,9,36,1,253,10,5,True
2022-09-10,4260705920416,1,5.99,-3,5.99,9,36,1,253,10,5,True
2022-09-10,4260705920300,1,15.49,-1,15.49,9,36,1,253,10,5,True
2022-09-10,4260705920317,1,9.99,-1,9.99,9,36,1,253,10,5,True
2022-09-10,4260705920140,1,8.19,-2,8.19,9,36,1,253,10,5,True
2022-09-10,4260705920119,1,7.99,-2,7.99,9,36,1,253,10,5,True
2022-09-10,4260705920096,1,5.59,-1,5.59,9,36,1,253,10,5,True
2022-09-10,4260705920102,1,6.79,-2,6.79,9,36,1,253,10,5,True
2022-09-10,4260705920058,1,3.59,-1,3.59,9,36,1,253,10,5,True
2022-09-10,4260705920294,1,15.99,-3,15.99,9,36,1,253,10,5,True
2022-09-12,4260705920119,1,7.99,2,7.99,9,37,1,255,12,0,False
2022-09-12,4260705920027,1,3.59,2,3.59,9,37,1,255,12,0,False
2022-09-12,4260705920317,1,9.99,2,9.99,9,37,1,255,12,0,False
2022-09-12,4260705920140,1,8.19,2,8.19,9,37,1,255,12,0,False
2022-09-12,4260705920157,1,7.49,4,7.49,9,37,1,255,12,0,False
2022-09-12,4260705920225,1,3.29,1,3.29,9,37,1,255,12,0,False
2022-09-12,4260705920294,3,15.99,8,47.97,9,37,1,255,12,0,False
2022-09-12,4260705920362,1,2.99,-1,2.99,9,37,1,255,12,0,False
2022-09-12,4260705920416,2,5.99,4,11.98,9,37,1,255,12,0,False
2022-09-12,4260705920423,1,4.99,4,4.99,9,37,1,255,12,0,False
2022-09-12,4260705920409,1,17.49,2,17.49,9,37,1,255,12,0,False
2022-09-12,4260705920324,1,10.99,8,10.99,9,37,1,255,12,0,False
2022-09-13,4260705920300,1,15.49,2,15.49,9,37,1,256,13,1,False
2022-09-13,4260705920294,2,15.99,9,31.98,9,37,1,256,13,1,False
2022-09-13,4260705920416,2,5.99,4,11.98,9,37,1,256,13,1,False
2022-09-13,4260705920409,1,17.49,2,17.49,9,37,1,256,13,1,False
2022-09-13,4260705920331,1,8.69,2,8.69,9,37,1,256,13,1,False
2022-09-13,4260705920119,1,7.99,2,7.99,9,37,1,256,13,1,False
2022-09-13,4260705920010,1,4.29,2,4.29,9,37,1,256,13,1,False
2022-09-13,4260705920027,1,3.59,2,3.59,9,37,1,256,13,1,False
2022-09-13,4260705920072,2,5.79,-2,11.58,9,37,1,256,13,1,False
2022-09-13,4260705920102,1,6.79,0,6.79,9,37,1,256,13,1,False
2022-09-13,4260705920003,1,3.39,1,3.39,9,37,1,256,13,1,False
2022-09-13,4260705920140,1,8.19,2,8.19,9,37,1,256,13,1,False
2022-09-13,4260705920249,1,4.29,5,4.29,9,37,1,256,13,1,False
2022-09-14,4260705920027,1,3.59,-2,3.59,9,37,1,257,14,2,False
2022-09-14,4260705920034,1,3.39,-1,3.39,9,37,1,257,14,2,False
2022-09-14,4260705920409,1,17.49,-2,17.49,9,37,1,257,14,2,False
2022-09-14,4260705920096,1,5.59,-1,5.59,9,37,1,257,14,2,False
2022-09-14,4260705920119,1,7.99,-2,7.99,9,37,1,257,14,2,False
2022-09-14,4260705920249,2,4.29,-3,8.58,9,37,1,257,14,2,False
2022-09-14,4260705920300,1,15.49,-2,15.49,9,37,1,257,14,2,False
2022-09-14,4260705920317,1,9.99,-1,9.99,9,37,1,257,14,2,False
2022-09-14,4260705920324,1,10.99,-1,10.99,9,37,1,257,14,2,False
2022-09-14,4260705920416,2,5.99,-4,11.98,9,37,1,257,14,2,False
2022-09-14,4260705920423,2,4.99,-2,9.98,9,37,1,257,14,2,False
2022-09-14,4260705920294,2,15.99,-4,31.98,9,37,1,257,14,2,False
2022-09-15,4260705920058,1,3.59,-1,3.59,9,37,2,258,15,3,False
2022-09-15,4260705920416,2,5.99,-6,11.98,9,37,2,258,15,3,False
2022-09-15,4260705920010,1,4.29,-2,4.29,9,37,2,258,15,3,False
2022-09-15,4260705920423,1,4.99,-3,4.99,9,37,2,258,15,3,False
2022-09-15,4260705920027,1,3.59,-3,3.59,9,37,2,258,15,3,False
2022-09-15,4260705920034,1,3.39,-2,3.39,9,37,2,258,15,3,False
2022-09-15,4260705920119,1,7.99,-3,7.99,9,37,2,258,15,3,False
2022-09-15,4260705920393,1,2.99,-1,2.99,9,37,2,258,15,3,False
2022-09-15,4260705920157,1,7.49,-1,7.49,9,37,2,258,15,3,False
2022-09-15,4260705920225,1,3.29,-1,3.29,9,37,2,258,15,3,False
2022-09-15,4260705920294,2,15.99,-6,31.98,9,37,2,258,15,3,False
2022-09-15,4260705920317,1,9.99,-2,9.99,9,37,2,258,15,3,False
2022-09-15,4260705920324,1,10.99,-2,10.99,9,37,2,258,15,3,False
2022-09-15,4260705920409,1,17.49,-3,17.49,9,37,2,258,15,3,False
2022-09-15,4260705920140,1,8.19,-2,8.19,9,37,2,258,15,3,False
2022-09-16,4260705920362,2,2.99,-2,5.98,9,37,2,259,16,4,False
2022-09-16,4260705920072,2,5.79,-4,11.58,9,37,2,259,16,4,False
2022-09-16,4260705920423,1,4.99,-4,4.99,9,37,2,259,16,4,False
2022-09-16,4260705920416,1,5.99,-7,5.99,9,37,2,259,16,4,False
2022-09-16,4260705920409,1,17.49,-4,17.49,9,37,2,259,16,4,False
2022-09-16,4260705920324,1,10.99,-3,10.99,9,37,2,259,16,4,False
2022-09-16,4260705920102,1,6.79,-2,6.79,9,37,2,259,16,4,False
2022-09-16,4260705920300,1,15.49,-3,15.49,9,37,2,259,16,4,False
2022-09-16,4260705920294,2,15.99,-8,31.98,9,37,2,259,16,4,False
2022-09-16,4260705920249,2,4.29,-5,8.58,9,37,2,259,16,4,False
2022-09-16,4260705920119,1,7.99,-4,7.99,9,37,2,259,16,4,False
2022-09-16,4260705920317,1,9.99,-3,9.99,9,37,2,259,16,4,False
2022-09-17,4260705920416,1,5.99,-8,5.99,9,37,2,260,17,5,True
2022-09-17,4260705920409,1,17.49,-5,17.49,9,37,2,260,17,5,True
2022-09-17,4260705920157,1,7.49,-2,7.49,9,37,2,260,17,5,True
2022-09-17,4260705920072,2,5.79,-6,11.58,9,37,2,260,17,5,True
2022-09-17,4260705920102,2,6.79,-4,13.58,9,37,2,260,17,5,True
2022-09-17,4260705920133,1,8.99,-1,8.99,9,37,2,260,17,5,True
2022-09-17,4260705920324,1,10.99,-4,10.99,9,37,2,260,17,5,True
2022-09-17,4260705920065,1,5.79,-1,5.79,9,37,2,260,17,5,True
2022-09-17,4260705920249,2,4.29,-7,8.58,9,37,2,260,17,5,True
2022-09-17,4260705920294,3,15.99,-11,47.97,9,37,2,260,17,5,True
2022-09-17,4260705920317,1,9.99,-4,9.99,9,37,2,260,17,5,True
2022-09-17,4260705920164,1,7.49,-1,7.49,9,37,2,260,17,5,True
2022-09-17,4260705920140,1,8.19,-3,8.19,9,37,2,260,17,5,True
2022-09-19,4260705920096,1,5.59,-2,5.59,9,38,2,262,19,0,False
2022-09-19,4260705920119,1,7.99,-5,7.99,9,38,2,262,19,0,False
2022-09-19,4260705920140,1,8.19,-4,8.19,9,38,2,262,19,0,False
2022-09-19,4260705920294,1,15.99,-12,15.99,9,38,2,262,19,0,False
2022-09-19,4260705920393,1,2.99,-2,2.99,9,38,2,262,19,0,False
2022-09-19,4260705920416,1,5.99,-9,5.99,9,38,2,262,19,0,False
2022-09-19,4260705920324,1,10.99,-5,10.99,9,38,2,262,19,0,False
2022-09-19,4260705920300,1,15.49,-4,15.49,9,38,2,262,19,0,False
2022-09-20,4260705920072,1,5.79,-1,5.79,9,38,2,263,20,1,False
2022-09-20,4260705920317,1,9.99,-4,9.99,9,38,2,263,20,1,False
2022-09-20,4260705920119,1,7.99,-5,7.99,9,38,2,263,20,1,False
2022-09-20,4260705920300,1,15.49,-5,15.49,9,38,2,263,20,1,False
2022-09-20,4260705920331,1,8.69,-7,8.69,9,38,2,263,20,1,False
2022-09-20,4260705920294,1,15.99,-13,15.99,9,38,2,263,20,1,False
2022-09-20,4260705920324,3,10.99,-13,32.97,9,38,2,263,20,1,False
2022-09-20,4260705920416,1,5.99,-8,5.99,9,38,2,263,20,1,False
2022-09-21,4260705920294,3,15.99,-16,47.97,9,38,2,264,21,2,False
2022-09-21,4260705920072,1,5.79,-2,5.79,9,38,2,264,21,2,False
2022-09-21,4260705920416,2,5.99,-10,11.98,9,38,2,264,21,2,False
2022-09-21,4260705920317,1,9.99,-5,9.99,9,38,2,264,21,2,False
2022-09-21,4260705920195,1,4.99,-3,4.99,9,38,2,264,21,2,False
2022-09-21,4260705920164,1,7.49,-6,7.49,9,38,2,264,21,2,False
2022-09-21,4260705920102,1,6.79,-2,6.79,9,38,2,264,21,2,False
2022-09-21,4260705920249,1,4.29,-7,4.29,9,38,2,264,21,2,False
2022-09-22,4260705920300,1,15.49,-6,15.49,9,38,3,265,22,3,False
2022-09-22,4260705920096,1,5.59,-5,5.59,9,38,3,265,22,3,False
2022-09-22,4260705920140,1,8.19,-5,8.19,9,38,3,265,22,3,False
2022-09-22,4260705920157,1,7.49,-6,7.49,9,38,3,265,22,3,False
2022-09-22,4260705920294,2,15.99,-18,31.98,9,38,3,265,22,3,False
2022-09-22,4260705920249,2,4.29,-9,8.58,9,38,3,265,22,3,False
2022-09-22,4260705920324,1,10.99,-14,10.99,9,38,3,265,22,3,False
2022-09-22,4260705920331,1,8.69,-8,8.69,9,38,3,265,22,3,False
2022-09-22,4260705920416,2,5.99,-12,11.98,9,38,3,265,22,3,False
2022-09-22,4260705920072,1,5.79,-3,5.79,9,38,3,265,22,3,False
2022-09-22,4260705920317,1,9.99,-6,9.99,9,38,3,265,22,3,False
2022-09-23,4260705920065,1,5.79,-6,5.79,9,38,3,266,23,4,False
2022-09-23,4260705920072,1,5.79,-4,5.79,9,38,3,266,23,4,False
2022-09-23,4260705920119,1,7.99,-6,7.99,9,38,3,266,23,4,False
2022-09-23,4260705920423,2,4.99,-7,9.98,9,38,3,266,23,4,False
2022-09-23,4260705920416,1,5.99,-13,5.99,9,38,3,266,23,4,False
2022-09-23,4260705920294,3,15.99,-21,47.97,9,38,3,266,23,4,False
2022-09-23,4260705920140,1,8.19,-6,8.19,9,38,3,266,23,4,False
2022-09-23,4260705920249,2,4.29,-11,8.58,9,38,3,266,23,4,False
2022-09-23,4260705920324,1,10.99,-15,10.99,9,38,3,266,23,4,False
2022-09-24,4260705920157,2,7.49,-8,14.98,9,38,3,267,24,5,True
2022-09-24,4260705920119,2,7.99,-8,15.98,9,38,3,267,24,5,True
2022-09-24,4260705920065,1,5.79,-7,5.79,9,38,3,267,24,5,True
2022-09-24,4260705920072,1,5.79,-5,5.79,9,38,3,267,24,5,True
2022-09-24,4260705920096,1,5.59,-6,5.59,9,38,3,267,24,5,True
2022-09-24,4260705920225,1,3.29,-3,3.29,9,38,3,267,24,5,True
2022-09-24,4260705920102,1,6.79,-3,6.79,9,38,3,267,24,5,True
2022-09-24,4260705920294,1,15.99,-22,15.99,9,38,3,267,24,5,True
2022-09-24,4260705920300,1,15.49,-7,15.49,9,38,3,267,24,5,True
2022-09-24,4260705920249,1,4.29,-12,4.29,9,38,3,267,24,5,True
2022-09-24,4260705920324,1,10.99,-16,10.99,9,38,3,267,24,5,True
2022-09-24,4260705920409,1,17.49,-4,17.49,9,38,3,267,24,5,True
2022-09-24,4260705920416,2,5.99,-15,11.98,9,38,3,267,24,5,True
2022-09-24,4260705920423,1,4.99,-8,4.99,9,38,3,267,24,5,True
2022-09-26,4260705920072,1,5.79,-6,5.79,9,39,3,269,26,0,False
2022-09-26,4260705920119,1,7.99,-9,7.99,9,39,3,269,26,0,False
2022-09-26,4260705920423,1,4.99,-9,4.99,9,39,3,269,26,0,False
2022-09-26,4260705920416,1,5.99,-16,5.99,9,39,3,269,26,0,False
2022-09-26,4260705920317,1,9.99,-7,9.99,9,39,3,269,26,0,False
2022-09-26,4260705920300,1,15.49,-8,15.49,9,39,3,269,26,0,False
2022-09-26,4260705920249,2,4.29,-14,8.58,9,39,3,269,26,0,False
2022-09-26,4260705920164,1,7.49,-7,7.49,9,39,3,269,26,0,False
2022-09-26,4260705920324,1,10.99,-17,10.99,9,39,3,269,26,0,False
2022-09-27,4260705920324,2,10.99,-12,21.98,9,39,3,270,27,1,False
2022-09-27,4260705920096,1,5.59,-4,5.59,9,39,3,270,27,1,False
2022-09-27,4260705920416,2,5.99,-9,11.98,9,39,3,270,27,1,False
2022-09-27,4260705920362,1,2.99,-1,2.99,9,39,3,270,27,1,False
2022-09-27,4260705920294,2,15.99,-13,31.98,9,39,3,270,27,1,False
2022-09-27,4260705920317,1,9.99,-5,9.99,9,39,3,270,27,1,False
2022-09-27,4260705920140,1,8.19,-4,8.19,9,39,3,270,27,1,False
2022-09-27,4260705920119,1,7.99,-5,7.99,9,39,3,270,27,1,False
2022-09-27,4260705920423,1,4.99,-7,4.99,9,39,3,270,27,1,False
2022-09-27,4260705920072,1,5.79,-2,5.79,9,39,3,270,27,1,False
2022-09-27,4260705920249,2,4.29,-10,8.58,9,39,3,270,27,1,False
2022-09-28,4260705920102,1,6.79,-2,6.79,9,39,3,271,28,2,False
2022-09-28,4260705920157,1,7.49,-6,7.49,9,39,3,271,28,2,False
2022-09-28,4260705920294,2,15.99,-15,31.98,9,39,3,271,28,2,False
2022-09-28,4260705920300,1,15.49,-5,15.49,9,39,3,271,28,2,False
2022-09-28,4260705920140,1,8.19,-5,8.19,9,39,3,271,28,2,False
2022-09-28,4260705920119,1,7.99,-6,7.99,9,39,3,271,28,2,False
2022-09-28,4260705920317,1,9.99,-6,9.99,9,39,3,271,28,2,False
2022-09-28,4260705920324,2,10.99,-14,21.98,9,39,3,271,28,2,False
2022-09-28,4260705920393,1,2.99,-3,2.99,9,39,3,271,28,2,False
2022-09-28,4260705920164,1,7.49,-7,7.49,9,39,3,271,28,2,False
2022-09-28,4260705920416,2,5.99,-11,11.98,9,39,3,271,28,2,False
2022-09-28,4260705920072,1,5.79,-3,5.79,9,39,3,271,28,2,False
2022-09-29,4260705920324,2,10.99,-16,21.98,9,39,4,272,29,3,False
2022-09-29,4260705920409,1,17.49,-4,17.49,9,39,4,272,29,3,False
2022-09-29,4260705920317,1,9.99,-7,9.99,9,39,4,272,29,3,False
2022-09-29,4260705920423,1,4.99,-8,4.99,9,39,4,272,29,3,False
2022-09-29,4260705920416,2,5.99,-13,11.98,9,39,4,272,29,3,False
2022-09-29,4260705920294,1,15.99,-16,15.99,9,39,4,272,29,3,False
2022-09-29,4260705920010,1,4.29,-4,4.29,9,39,4,272,29,3,False
2022-09-29,4260705920119,1,7.99,-7,7.99,9,39,4,272,29,3,False
2022-09-29,4260705920058,1,3.59,-3,3.59,9,39,4,272,29,3,False
2022-09-29,4260705920034,1,3.39,-4,3.39,9,39,4,272,29,3,False
2022-09-29,4260705920027,1,3.59,-4,3.59,9,39,4,272,29,3,False
2022-09-29,4260705920249,1,4.29,-11,4.29,9,39,4,272,29,3,False
2022-09-30,4260705920140,2,8.19,-7,16.38,9,39,4,273,30,4,False
2022-09-30,4260705920072,3,5.79,-6,17.37,9,39,4,273,30,4,False
2022-09-30,4260705920096,1,5.59,-5,5.59,9,39,4,273,30,4,False
2022-09-30,4260705920102,2,6.79,-4,13.58,9,39,4,273,30,4,False
2022-09-30,4260705920119,3,7.99,-10,23.97,9,39,4,273,30,4,False
2022-09-30,4260705920362,1,2.99,-2,2.99,9,39,4,273,30,4,False
2022-09-30,4260705920089,1,5.39,-1,5.39,9,39,4,273,30,4,False
2022-09-30,4260705920249,1,4.29,-12,4.29,9,39,4,273,30,4,False
2022-09-30,4260705920300,1,15.49,-6,15.49,9,39,4,273,30,4,False
2022-09-30,4260705920324,1,10.99,-17,10.99,9,39,4,273,30,4,False
2022-09-30,4260705920416,3,5.99,-16,17.97,9,39,4,273,30,4,False
2022-09-30,4260705920027,2,3.59,-6,7.18,9,39,4,273,30,4,False
2022-09-30,4260705920034,1,3.39,-5,3.39,9,39,4,273,30,4,False
2022-09-30,4260705920157,1,7.49,-7,7.49,9,39,4,273,30,4,False
2022-10-01,4260705920416,2,5.99,-18,11.98,10,39,0,274,1,5,True
2022-10-01,4260705920331,1,8.69,-7,8.69,10,39,0,274,1,5,True
2022-10-01,4260705920249,1,4.29,-13,4.29,10,39,0,274,1,5,True
2022-10-01,4260705920164,1,7.49,-8,7.49,10,39,0,274,1,5,True
2022-10-01,4260705920157,1,7.49,-8,7.49,10,39,0,274,1,5,True
2022-10-01,4260705920102,2,6.79,-6,13.58,10,39,0,274,1,5,True
2022-10-01,4260705920072,2,5.79,-8,11.58,10,39,0,274,1,5,True
2022-10-01,4260705920034,1,3.39,-6,3.39,10,39,0,274,1,5,True
2022-10-01,4260705920010,1,4.29,-5,4.29,10,39,0,274,1,5,True
2022-10-01,4260705920119,1,7.99,-11,7.99,10,39,0,274,1,5,True
2022-10-04,4260705920072,1,5.79,-1,5.79,10,40,0,277,4,1,False
2022-10-04,4260705920010,1,4.29,-4,4.29,10,40,0,277,4,1,False
2022-10-04,4260705920119,1,7.99,-4,7.99,10,40,0,277,4,1,False
2022-10-04,4260705920140,1,8.19,-4,8.19,10,40,0,277,4,1,False
2022-10-04,4260705920324,2,10.99,-11,21.98,10,40,0,277,4,1,False
2022-10-04,4260705920294,1,15.99,-12,15.99,10,40,0,277,4,1,False
2022-10-04,4260705920317,1,9.99,-4,9.99,10,40,0,277,4,1,False
2022-10-04,4260705920416,2,5.99,-8,11.98,10,40,0,277,4,1,False
2022-10-04,4260705920164,1,7.49,-6,7.49,10,40,0,277,4,1,False
2022-10-05,4260705920423,1,4.99,-6,4.99,10,40,0,278,5,2,False
2022-10-05,4260705920317,1,9.99,-5,9.99,10,40,0,278,5,2,False
2022-10-05,4260705920331,1,8.69,-7,8.69,10,40,0,278,5,2,False
2022-10-05,4260705920324,2,10.99,-13,21.98,10,40,0,278,5,2,False
2022-10-05,4260705920010,1,4.29,-5,4.29,10,40,0,278,5,2,False
2022-10-05,4260705920294,2,15.99,-14,31.98,10,40,0,278,5,2,False
2022-10-05,4260705920249,2,4.29,-8,8.58,10,40,0,278,5,2,False
2022-10-05,4260705920416,2,5.99,-10,11.98,10,40,0,278,5,2,False
2022-10-05,4260705920140,1,8.19,-5,8.19,10,40,0,278,5,2,False
2022-10-05,4260705920119,1,7.99,-5,7.99,10,40,0,278,5,2,False
2022-10-05,4260705920102,1,6.79,-2,6.79,10,40,0,278,5,2,False
2022-10-05,4260705920072,1,5.79,-2,5.79,10,40,0,278,5,2,False
2022-10-05,4260705920058,1,3.59,-3,3.59,10,40,0,278,5,2,False
2022-10-05,4260705920034,1,3.39,-4,3.39,10,40,0,278,5,2,False
2022-10-05,4260705920300,1,15.49,-4,15.49,10,40,0,278,5,2,False
2022-10-05,4260705920164,1,7.49,-7,7.49,10,40,0,278,5,2,False
2022-10-06,4260705920119,1,7.99,-6,7.99,10,40,0,279,6,3,False
2022-10-06,4260705920140,1,8.19,-6,8.19,10,40,0,279,6,3,False
2022-10-06,4260705920249,2,4.29,-10,8.58,10,40,0,279,6,3,False
2022-10-06,4260705920102,1,6.79,-3,6.79,10,40,0,279,6,3,False
2022-10-06,4260705920072,1,5.79,-3,5.79,10,40,0,279,6,3,False
2022-10-06,4260705920157,1,7.49,-6,7.49,10,40,0,279,6,3,False
2022-10-06,4260705920300,1,15.49,-5,15.49,10,40,0,279,6,3,False
2022-10-06,4260705920331,1,8.69,-8,8.69,10,40,0,279,6,3,False
2022-10-06,4260705920416,2,5.99,-12,11.98,10,40,0,279,6,3,False
2022-10-06,4260705920423,1,4.99,-7,4.99,10,40,0,279,6,3,False
2022-10-06,4260705920010,1,4.29,-6,4.29,10,40,0,279,6,3,False
2022-10-06,4260705920324,2,10.99,-15,21.98,10,40,0,279,6,3,False
2022-10-07,4260705920218,2,5.99,-2,11.98,10,40,0,280,7,4,False
2022-10-07,4260705920102,1,6.79,-4,6.79,10,40,0,280,7,4,False
2022-10-07,4260705920072,2,5.79,-5,11.58,10,40,0,280,7,4,False
2022-10-07,4260705920065,1,5.79,-6,5.79,10,40,0,280,7,4,False
2022-10-07,4260705920010,1,4.29,-7,4.29,10,40,0,280,7,4,False
2022-10-07,4260705920119,1,7.99,-7,7.99,10,40,0,280,7,4,False
2022-10-07,4260705920287,1,45.99,-1,45.99,10,40,0,280,7,4,False
2022-10-07,4260705920393,2,2.99,-4,5.98,10,40,0,280,7,4,False
2022-10-07,4260705920317,1,9.99,-6,9.99,10,40,0,280,7,4,False
2022-10-07,4260705920331,1,8.69,-9,8.69,10,40,0,280,7,4,False
2022-10-07,4260705920324,1,10.99,-16,10.99,10,40,0,280,7,4,False
2022-10-07,4260705920294,2,15.99,-16,31.98,10,40,0,280,7,4,False
2022-10-07,4260705920164,1,7.49,-8,7.49,10,40,0,280,7,4,False
2022-10-07,4260705920140,1,8.19,-7,8.19,10,40,0,280,7,4,False
2022-10-07,4260705920416,2,5.99,-14,11.98,10,40,0,280,7,4,False
2022-10-07,4260705920362,1,2.99,-1,2.99,10,40,0,280,7,4,False
2022-10-08,4260705920317,1,9.99,-7,9.99,10,40,1,281,8,5,True
2022-10-08,4260705920324,3,10.99,-19,32.97,10,40,1,281,8,5,True
2022-10-08,4260705920416,2,5.99,-16,11.98,10,40,1,281,8,5,True
2022-10-08,4260705920423,2,4.99,-9,9.98,10,40,1,281,8,5,True
2022-10-08,4260705920102,2,6.79,-6,13.58,10,40,1,281,8,5,True
2022-10-08,4260705920300,1,15.49,-6,15.49,10,40,1,281,8,5,True
2022-10-08,4260705920294,1,15.99,-17,15.99,10,40,1,281,8,5,True
2022-10-08,4260705920249,2,4.29,-12,8.58,10,40,1,281,8,5,True
2022-10-08,4260705920164,2,7.49,-10,14.98,10,40,1,281,8,5,True
2022-10-08,4260705920157,2,7.49,-8,14.98,10,40,1,281,8,5,True
2022-10-08,4260705920133,1,8.99,-1,8.99,10,40,1,281,8,5,True
2022-10-08,4260705920119,1,7.99,-8,7.99,10,40,1,281,8,5,True
2022-10-08,4260705920058,1,3.59,-4,3.59,10,40,1,281,8,5,True
2022-10-08,4260705920034,1,3.39,-5,3.39,10,40,1,281,8,5,True
2022-10-08,4260705920010,1,4.29,-8,4.29,10,40,1,281,8,5,True
2022-10-08,4260705920072,2,5.79,-7,11.58,10,40,1,281,8,5,True
2022-10-08,4260705920065,1,5.79,-7,5.79,10,40,1,281,8,5,True
2022-10-08,4260705920096,1,5.59,-4,5.59,10,40,1,281,8,5,True
2022-10-08,4260705920140,1,8.19,-8,8.19,10,40,1,281,8,5,True
2022-10-10,4260705920010,1,4.29,-9,4.29,10,41,1,283,10,0,False
2022-10-10,4260705920249,3,4.29,-15,12.87,10,41,1,283,10,0,False
2022-10-10,4260705920195,1,4.99,-3,4.99,10,41,1,283,10,0,False
2022-10-10,4260705920164,1,7.49,-11,7.49,10,41,1,283,10,0,False
2022-10-10,4260705920096,1,5.59,-5,5.59,10,41,1,283,10,0,False
2022-10-10,4260705920034,1,3.39,-6,3.39,10,41,1,283,10,0,False
2022-10-10,4260705920331,1,8.69,-10,8.69,10,41,1,283,10,0,False
2022-10-10,4260705920423,1,4.99,-10,4.99,10,41,1,283,10,0,False
2022-10-10,4260705920416,1,5.99,-17,5.99,10,41,1,283,10,0,False
2022-10-10,4260705920409,1,17.49,-4,17.49,10,41,1,283,10,0,False
2022-10-10,4260705920294,2,15.99,-19,31.98,10,41,1,283,10,0,False
2022-10-10,4260705920058,1,3.59,-5,3.59,10,41,1,283,10,0,False
2022-10-10,4260705920317,1,9.99,-8,9.99,10,41,1,283,10,0,False
2022-10-10,4260705920300,1,15.49,-7,15.49,10,41,1,283,10,0,False
2022-10-11,4260705920324,1,10.99,-10,10.99,10,41,1,284,11,1,False
2022-10-11,4260705920362,1,2.99,-1,2.99,10,41,1,284,11,1,False
2022-10-11,4260705920416,1,5.99,-8,5.99,10,41,1,284,11,1,False
2022-10-11,4260705920409,1,17.49,-5,17.49,10,41,1,284,11,1,False
2022-10-12,4260705920249,2,4.29,-11,8.58,10,41,1,285,12,2,False
2022-10-12,4260705920119,1,7.99,-4,7.99,10,41,1,285,12,2,False
2022-10-12,4260705920010,1,4.29,-5,4.29,10,41,1,285,12,2,False
2022-10-12,4260705920058,1,3.59,-4,3.59,10,41,1,285,12,2,False
2022-10-12,4260705920096,1,5.59,-5,5.59,10,41,1,285,12,2,False
2022-10-12,4260705920102,1,6.79,-2,6.79,10,41,1,285,12,2,False
2022-10-12,4260705920294,2,15.99,-15,31.98,10,41,1,285,12,2,False
2022-10-12,4260705920140,1,8.19,-4,8.19,10,41,1,285,12,2,False
2022-10-12,4260705920317,1,9.99,-5,9.99,10,41,1,285,12,2,False
2022-10-12,4260705920324,2,10.99,-12,21.98,10,41,1,285,12,2,False
2022-10-12,4260705920362,2,2.99,-3,5.98,10,41,1,285,12,2,False
2022-10-12,4260705920416,2,5.99,-10,11.98,10,41,1,285,12,2,False
2022-10-12,4260705920423,1,4.99,-7,4.99,10,41,1,285,12,2,False
2022-10-12,4260705920331,1,8.69,-8,8.69,10,41,1,285,12,2,False
2022-10-12,4260705920300,1,15.49,-5,15.49,10,41,1,285,12,2,False
2022-10-13,4260705920416,2,5.99,-12,11.98,10,41,1,286,13,3,False
2022-10-13,4260705920324,2,10.99,-14,21.98,10,41,1,286,13,3,False
2022-10-13,4260705920164,1,7.49,-7,7.49,10,41,1,286,13,3,False
2022-10-13,4260705920300,1,15.49,-6,15.49,10,41,1,286,13,3,False
2022-10-13,4260705920072,1,5.79,-1,5.79,10,41,1,286,13,3,False
2022-10-13,4260705920119,1,7.99,-5,7.99,10,41,1,286,13,3,False
2022-10-14,4260705920102,1,6.79,-3,6.79,10,41,1,287,14,4,False
2022-10-14,4260705920140,1,8.19,-5,8.19,10,41,1,287,14,4,False
2022-10-14,4260705920317,1,9.99,-6,9.99,10,41,1,287,14,4,False
2022-10-14,4260705920294,3,15.99,-18,47.97,10,41,1,287,14,4,False
2022-10-14,4260705920249,1,4.29,-12,4.29,10,41,1,287,14,4,False
2022-10-14,4260705920072,1,5.79,-2,5.79,10,41,1,287,14,4,False
2022-10-14,4260705920065,1,5.79,-6,5.79,10,41,1,287,14,4,False
2022-10-14,4260705920034,1,3.39,-5,3.39,10,41,1,287,14,4,False
2022-10-14,4260705920300,1,15.49,-7,15.49,10,41,1,287,14,4,False
2022-10-14,4260705920157,1,7.49,-6,7.49,10,41,1,287,14,4,False
2022-10-14,4260705920324,2,10.99,-16,21.98,10,41,1,287,14,4,False
2022-10-14,4260705920416,1,5.99,-13,5.99,10,41,1,287,14,4,False
2022-10-15,4260705920409,1,17.49,-6,17.49,10,41,2,288,15,5,True
2022-10-15,4260705920423,1,4.99,-8,4.99,10,41,2,288,15,5,True
2022-10-15,4260705920331,1,8.69,-9,8.69,10,41,2,288,15,5,True
2022-10-15,4260705920324,2,10.99,-18,21.98,10,41,2,288,15,5,True
2022-10-15,4260705920317,1,9.99,-7,9.99,10,41,2,288,15,5,True
2022-10-15,4260705920294,1,15.99,-19,15.99,10,41,2,288,15,5,True
2022-10-15,4260705920140,1,8.19,-6,8.19,10,41,2,288,15,5,True
2022-10-15,4260705920119,1,7.99,-6,7.99,10,41,2,288,15,5,True
2022-10-15,4260705920072,1,5.79,-3,5.79,10,41,2,288,15,5,True
2022-10-15,4260705920065,1,5.79,-7,5.79,10,41,2,288,15,5,True
2022-10-15,4260705920416,1,5.99,-14,5.99,10,41,2,288,15,5,True
2022-10-15,4260705920249,2,4.29,-14,8.58,10,41,2,288,15,5,True
2022-10-17,4260705920140,1,8.19,-7,8.19,10,42,2,290,17,0,False
2022-10-17,4260705920416,1,5.99,-15,5.99,10,42,2,290,17,0,False
2022-10-17,4260705920249,1,4.29,-15,4.29,10,42,2,290,17,0,False
2022-10-17,4260705920300,1,15.49,-8,15.49,10,42,2,290,17,0,False
2022-10-17,4260705920324,1,10.99,-19,10.99,10,42,2,290,17,0,False
2022-10-17,4260705920294,1,15.99,-20,15.99,10,42,2,290,17,0,False
2022-10-18,4260705920416,1,5.99,-8,5.99,10,42,2,291,18,1,False
2022-10-18,4260705920010,1,4.29,-4,4.29,10,42,2,291,18,1,False
2022-10-18,4260705920058,1,3.59,-3,3.59,10,42,2,291,18,1,False
2022-10-18,4260705920072,1,5.79,-1,5.79,10,42,2,291,18,1,False
2022-10-18,4260705920096,1,5.59,-4,5.59,10,42,2,291,18,1,False
2022-10-18,4260705920102,1,6.79,-2,6.79,10,42,2,291,18,1,False
2022-10-18,4260705920119,1,7.99,-4,7.99,10,42,2,291,18,1,False
2022-10-18,4260705920249,1,4.29,-8,4.29,10,42,2,291,18,1,False
2022-10-18,4260705920324,2,10.99,-12,21.98,10,42,2,291,18,1,False
2022-10-19,4260705920300,1,15.49,-5,15.49,10,42,2,292,19,2,False
2022-10-19,4260705920324,1,10.99,-13,10.99,10,42,2,292,19,2,False
2022-10-19,4260705920119,1,7.99,-5,7.99,10,42,2,292,19,2,False
2022-10-19,4260705920423,1,4.99,-6,4.99,10,42,2,292,19,2,False
2022-10-19,4260705920072,1,5.79,-2,5.79,10,42,2,292,19,2,False
2022-10-19,4260705920416,1,5.99,-9,5.99,10,42,2,292,19,2,False
2022-10-19,4260705920102,1,6.79,-3,6.79,10,42,2,292,19,2,False
2022-10-20,4260705920317,1,9.99,-4,9.99,10,42,2,293,20,3,False
2022-10-20,4260705920324,1,10.99,-14,10.99,10,42,2,293,20,3,False
2022-10-20,4260705920331,1,8.69,-7,8.69,10,42,2,293,20,3,False
2022-10-20,4260705920416,1,7.19,-10,7.19,10,42,2,293,20,3,False
2022-10-20,4260705920423,2,4.99,-8,9.98,10,42,2,293,20,3,False
2022-10-20,4260705920300,1,15.49,-6,15.49,10,42,2,293,20,3,False
2022-10-20,4260705920041,1,4.89,-1,4.89,10,42,2,293,20,3,False
2022-10-20,4260705920072,2,5.99,-4,11.98,10,42,2,293,20,3,False
2022-10-20,4260705920102,1,6.79,-4,6.79,10,42,2,293,20,3,False
2022-10-20,4260705920140,1,8.19,-5,8.19,10,42,2,293,20,3,False
2022-10-20,4260705920164,1,7.49,-6,7.49,10,42,2,293,20,3,False
2022-10-20,4260705920010,1,4.29,-5,4.29,10,42,2,293,20,3,False
2022-10-21,4260705920072,1,5.99,-5,5.99,10,42,2,294,21,4,False
2022-10-21,4260705920010,1,4.29,-6,4.29,10,42,2,294,21,4,False
2022-10-21,4260705920065,1,5.69,-6,5.69,10,42,2,294,21,4,False
2022-10-21,4260705920423,1,4.99,-9,4.99,10,42,2,294,21,4,False
2022-10-21,4260705920119,1,7.99,-6,7.99,10,42,2,294,21,4,False
2022-10-21,4260705920324,2,10.99,-16,21.98,10,42,2,294,21,4,False
2022-10-21,4260705920294,1,15.99,-13,15.99,10,42,2,294,21,4,False
2022-10-21,4260705920249,1,4.69,-9,4.69,10,42,2,294,21,4,False
2022-10-21,4260705920416,1,7.19,-11,7.19,10,42,2,294,21,4,False
2022-10-22,4260705920300,1,15.49,-7,15.49,10,42,3,295,22,5,True
2022-10-22,4260705920119,1,7.99,-7,7.99,10,42,3,295,22,5,True
2022-10-22,4260705920164,1,7.49,-7,7.49,10,42,3,295,22,5,True
2022-10-22,4260705920225,1,3.29,-3,3.29,10,42,3,295,22,5,True
2022-10-22,4260705920249,1,4.69,-10,4.69,10,42,3,295,22,5,True
2022-10-22,4260705920294,2,15.99,-15,31.98,10,42,3,295,22,5,True
2022-10-22,4260705920324,1,10.99,-17,10.99,10,42,3,295,22,5,True
2022-10-22,4260705920331,1,8.69,-8,8.69,10,42,3,295,22,5,True
2022-10-22,4260705920096,1,5.59,-5,5.59,10,42,3,295,22,5,True
2022-10-22,4260705920102,1,6.79,-5,6.79,10,42,3,295,22,5,True
2022-10-22,4260705920140,1,8.19,-6,8.19,10,42,3,295,22,5,True
2022-10-22,4260705920072,1,5.99,-6,5.99,10,42,3,295,22,5,True
2022-10-22,4260705920065,1,5.69,-7,5.69,10,42,3,295,22,5,True
2022-10-22,4260705920034,1,3.89,-4,3.89,10,42,3,295,22,5,True
2022-10-22,4260705920010,1,4.29,-7,4.29,10,42,3,295,22,5,True
2022-10-22,4260705920416,1,7.19,-12,7.19,10,42,3,295,22,5,True
2022-10-24,4260705920010,1,4.29,-8,4.29,10,43,3,297,24,0,False
2022-10-24,4260705920027,1,3.89,-4,3.89,10,43,3,297,24,0,False
2022-10-24,4260705920058,1,3.59,-4,3.59,10,43,3,297,24,0,False
2022-10-24,4260705920119,1,7.99,-8,7.99,10,43,3,297,24,0,False
2022-10-24,4260705920157,1,7.49,-6,7.49,10,43,3,297,24,0,False
2022-10-24,4260705920249,2,4.69,-12,9.38,10,43,3,297,24,0,False
2022-10-24,4260705920362,1,2.99,-1,2.99,10,43,3,297,24,0,False
2022-10-24,4260705920324,1,10.99,-18,10.99,10,43,3,297,24,0,False
2022-10-24,4260705920416,1,7.19,-13,7.19,10,43,3,297,24,0,False
2022-10-24,4260705920423,1,4.99,-10,4.99,10,43,3,297,24,0,False
2022-10-24,4260705920003,1,3.39,-3,3.39,10,43,3,297,24,0,False
2022-10-24,4260705920096,1,5.59,-6,5.59,10,43,3,297,24,0,False
2022-10-24,4260705920294,2,15.99,-17,31.98,10,43,3,297,24,0,False
2022-10-25,4260705920157,1,7.49,-7,7.49,10,43,3,298,25,1,False
2022-10-25,4260705920331,1,8.69,-7,8.69,10,43,3,298,25,1,False
2022-10-25,4260705920140,1,8.19,-4,8.19,10,43,3,298,25,1,False
2022-10-25,4260705920324,2,10.99,-12,21.98,10,43,3,298,25,1,False
2022-10-25,4260705920010,1,4.29,-5,4.29,10,43,3,298,25,1,False
2022-10-25,4260705920119,1,7.99,-5,7.99,10,43,3,298,25,1,False
2022-10-25,4260705920416,1,7.19,-8,7.19,10,43,3,298,25,1,False
2022-10-25,4260705920102,1,6.79,-2,6.79,10,43,3,298,25,1,False
2022-10-25,4260705920294,1,15.99,-14,15.99,10,43,3,298,25,1,False
2022-10-25,4260705920072,1,5.99,-1,5.99,10,43,3,298,25,1,False
2022-10-25,4260705920034,1,3.89,-4,3.89,10,43,3,298,25,1,False
2022-10-26,4260705920416,1,7.19,-9,7.19,10,43,3,299,26,2,False
2022-10-26,4260705920331,1,8.69,-8,8.69,10,43,3,299,26,2,False
2022-10-26,4260705920324,1,10.99,-13,10.99,10,43,3,299,26,2,False
2022-10-26,4260705920294,1,15.99,-15,15.99,10,43,3,299,26,2,False
2022-10-26,4260705920157,1,7.49,-8,7.49,10,43,3,299,26,2,False
2022-10-26,4260705920140,1,8.19,-5,8.19,10,43,3,299,26,2,False
2022-10-26,4260705920102,1,6.79,-3,6.79,10,43,3,299,26,2,False
2022-10-26,4260705920072,1,5.99,-2,5.99,10,43,3,299,26,2,False
2022-10-26,4260705920010,1,4.29,-6,4.29,10,43,3,299,26,2,False
2022-10-26,4260705920119,1,7.99,-6,7.99,10,43,3,299,26,2,False
2022-10-27,4260705920157,1,7.49,-9,7.49,10,43,3,300,27,3,False
2022-10-27,4260705920294,1,15.99,-16,15.99,10,43,3,300,27,3,False
2022-10-27,4260705920072,1,5.99,-3,5.99,10,43,3,300,27,3,False
2022-10-27,4260705920119,1,7.99,-7,7.99,10,43,3,300,27,3,False
2022-10-27,4260705920164,1,7.49,-6,7.49,10,43,3,300,27,3,False
2022-10-27,4260705920423,1,4.99,-7,4.99,10,43,3,300,27,3,False
2022-10-27,4260705920140,1,8.19,-6,8.19,10,43,3,300,27,3,False
2022-10-27,4260705920300,1,15.49,-4,15.49,10,43,3,300,27,3,False
2022-10-27,4260705920324,1,10.99,-14,10.99,10,43,3,300,27,3,False
2022-10-27,4260705920362,2,2.99,-3,5.98,10,43,3,300,27,3,False
2022-10-27,4260705920249,1,4.69,-9,4.69,10,43,3,300,27,3,False
2022-10-28,4260705920034,1,3.89,-5,3.89,10,43,3,301,28,4,False
2022-10-28,4260705920157,1,7.49,-10,7.49,10,43,3,301,28,4,False
2022-10-28,4260705920140,1,8.19,-7,8.19,10,43,3,301,28,4,False
2022-10-28,4260705920119,1,7.99,-8,7.99,10,43,3,301,28,4,False
2022-10-28,4260705920102,1,6.79,-4,6.79,10,43,3,301,28,4,False
2022-10-28,4260705920072,1,5.99,-4,5.99,10,43,3,301,28,4,False
2022-10-28,4260705920065,1,5.69,-6,5.69,10,43,3,301,28,4,False
2022-10-28,4260705920010,1,4.29,-7,4.29,10,43,3,301,28,4,False
2022-10-28,4260705920249,1,4.69,-10,4.69,10,43,3,301,28,4,False
2022-10-28,4260705920164,1,7.49,-7,7.49,10,43,3,301,28,4,False
2022-10-28,4260705920096,1,5.59,-5,5.59,10,43,3,301,28,4,False
2022-10-28,4260705920294,3,15.99,-19,47.97,10,43,3,301,28,4,False
2022-10-28,4260705920300,1,15.49,-5,15.49,10,43,3,301,28,4,False
2022-10-28,4260705920324,2,10.99,-16,21.98,10,43,3,301,28,4,False
2022-10-28,4260705920317,1,9.99,-4,9.99,10,43,3,301,28,4,False
2022-10-28,4260705920331,1,8.69,-9,8.69,10,43,3,301,28,4,False
2022-10-28,4260705920416,1,7.19,-10,7.19,10,43,3,301,28,4,False
2022-10-29,4260705920072,1,5.99,-5,5.99,10,43,4,302,29,5,True
2022-10-29,4260705920058,1,3.59,-4,3.59,10,43,4,302,29,5,True
2022-10-29,4260705920065,1,5.69,-7,5.69,10,43,4,302,29,5,True
2022-10-29,4260705920300,1,15.49,-6,15.49,10,43,4,302,29,5,True
2022-10-29,4260705920096,1,5.59,-6,5.59,10,43,4,302,29,5,True
2022-10-29,4260705920119,1,7.99,-9,7.99,10,43,4,302,29,5,True
2022-10-29,4260705920034,1,3.89,-6,3.89,10,43,4,302,29,5,True
2022-10-29,4260705920164,1,7.49,-8,7.49,10,43,4,302,29,5,True
2022-10-29,4260705920249,1,4.69,-11,4.69,10,43,4,302,29,5,True
2022-10-29,4260705920294,3,15.99,-22,47.97,10,43,4,302,29,5,True
2022-10-29,4260705920324,1,10.99,-17,10.99,10,43,4,302,29,5,True
2022-10-29,4260705920423,1,4.99,-8,4.99,10,43,4,302,29,5,True
2022-10-29,4260705920416,1,7.19,-11,7.19,10,43,4,302,29,5,True
2022-10-29,4260705920140,1,8.19,-8,8.19,10,43,4,302,29,5,True
2022-11-01,4260705920362,1,2.99,-1,2.99,11,44,0,305,1,1,False
2022-11-01,4260705920331,1,8.69,-7,8.69,11,44,0,305,1,1,False
2022-11-01,4260705920324,2,10.99,-11,21.98,11,44,0,305,1,1,False
2022-11-01,4260705920317,1,9.99,-4,9.99,11,44,0,305,1,1,False
2022-11-01,4260705920294,2,15.99,-13,31.98,11,44,0,305,1,1,False
2022-11-01,4260705920287,1,45.99,-1,45.99,11,44,0,305,1,1,False
2022-11-01,4260705920249,1,4.69,-7,4.69,11,44,0,305,1,1,False
2022-11-01,4260705920195,2,4.99,-4,9.98,11,44,0,305,1,1,False
2022-11-01,4260705920164,1,7.49,-6,7.49,11,44,0,305,1,1,False
2022-11-01,4260705920133,1,8.99,-1,8.99,11,44,0,305,1,1,False
2022-11-01,4260705920119,1,7.99,-4,7.99,11,44,0,305,1,1,False
2022-11-01,4260705920072,2,5.99,-2,11.98,11,44,0,305,1,1,False
2022-11-01,4260705920232,1,7.99,-1,7.99,11,44,0,305,1,1,False
2022-11-02,4260705920423,1,4.99,-6,4.99,11,44,0,306,2,2,False
2022-11-02,4260705920324,1,10.99,-12,10.99,11,44,0,306,2,2,False
2022-11-02,4260705920249,1,4.69,-8,4.69,11,44,0,306,2,2,False
2022-11-02,4260705920102,1,6.79,-2,6.79,11,44,0,306,2,2,False
2022-11-02,4260705920010,1,4.29,-4,4.29,11,44,0,306,2,2,False
2022-11-02,4260705920416,1,7.19,-7,7.19,11,44,0,306,2,2,False
2022-11-03,4260705920546,1,7.79,-1,7.79,11,44,0,307,3,3,False
2022-11-03,4260705920294,2,15.99,-15,31.98,11,44,0,307,3,3,False
2022-11-03,4260705920423,1,4.99,-7,4.99,11,44,0,307,3,3,False
2022-11-03,4260705920034,1,3.89,-4,3.89,11,44,0,307,3,3,False
2022-11-03,4260705920072,1,5.99,-3,5.99,11,44,0,307,3,3,False
2022-11-03,4260705920010,1,4.29,-5,4.29,11,44,0,307,3,3,False
2022-11-03,4260705920102,1,6.79,-3,6.79,11,44,0,307,3,3,False
2022-11-04,4260705920089,1,2.99,-1,2.99,11,44,0,308,4,4,False
2022-11-04,4260705920065,3,5.69,-8,17.07,11,44,0,308,4,4,False
2022-11-04,4260705920010,1,4.29,-6,4.29,11,44,0,308,4,4,False
2022-11-04,4260705920102,1,6.79,-4,6.79,11,44,0,308,4,4,False
2022-11-04,4260705920539,1,7.99,-1,7.99,11,44,0,308,4,4,False
2022-11-04,4260705920522,2,6.49,-2,12.98,11,44,0,308,4,4,False
2022-11-04,4260705920119,3,7.99,-7,23.97,11,44,0,308,4,4,False
2022-11-04,4260705920546,1,7.79,-2,7.79,11,44,0,308,4,4,False
2022-11-04,4260705920416,1,7.19,-8,7.19,11,44,0,308,4,4,False
2022-11-04,4260705920324,2,10.99,-14,21.98,11,44,0,308,4,4,False
2022-11-04,4260705920317,1,9.99,-5,9.99,11,44,0,308,4,4,False
2022-11-04,4260705920300,1,15.49,-4,15.49,11,44,0,308,4,4,False
2022-11-04,4260705920294,1,15.99,-16,15.99,11,44,0,308,4,4,False
2022-11-04,4260705920249,3,4.69,-11,14.07,11,44,0,308,4,4,False
2022-11-04,4260705920164,1,7.49,-7,7.49,11,44,0,308,4,4,False
2022-11-04,4260705920423,1,4.99,-8,4.99,11,44,0,308,4,4,False
2022-11-05,4260705920294,3,15.99,-19,47.97,11,44,0,309,5,5,True
2022-11-05,4260705920249,3,4.69,-14,14.07,11,44,0,309,5,5,True
2022-11-05,4260705920157,1,7.49,-6,7.49,11,44,0,309,5,5,True
2022-11-05,4260705920140,1,8.19,-4,8.19,11,44,0,309,5,5,True
2022-11-05,4260705920102,1,6.79,-5,6.79,11,44,0,309,5,5,True
2022-11-05,4260705920119,3,7.99,-10,23.97,11,44,0,309,5,5,True
2022-11-05,4260705920317,1,9.99,-6,9.99,11,44,0,309,5,5,True
2022-11-05,4260705920300,1,15.49,-5,15.49,11,44,0,309,5,5,True
2022-11-05,4260705920133,1,8.99,-2,8.99,11,44,0,309,5,5,True
2022-11-05,4260705920324,2,10.99,-16,21.98,11,44,0,309,5,5,True
2022-11-05,4260705920416,2,7.19,-10,14.38,11,44,0,309,5,5,True
2022-11-05,4260705920034,1,3.89,-5,3.89,11,44,0,309,5,5,True
2022-11-05,4260705920072,2,5.99,-5,11.98,11,44,0,309,5,5,True
2022-11-05,4260705920423,2,4.99,-10,9.98,11,44,0,309,5,5,True
2022-11-05,4260705920522,4,6.49,-6,25.96,11,44,0,309,5,5,True
2022-11-05,4260705920546,2,7.79,-4,15.58,11,44,0,309,5,5,True
2022-11-05,4260705920560,1,3.99,-1,3.99,11,44,0,309,5,5,True
2022-11-05,4260705920096,1,5.59,-4,5.59,11,44,0,309,5,5,True
2022-11-05,4260705920065,2,5.69,-10,11.38,11,44,0,309,5,5,True
2022-11-05,4260705920027,1,3.89,-4,3.89,11,44,0,309,5,5,True
2022-11-05,4260705920362,1,2.99,-2,2.99,11,44,0,309,5,5,True
2022-11-07,4260705920102,1,6.79,-6,6.79,11,45,0,311,7,0,False
2022-11-07,4260705920294,1,15.99,-20,15.99,11,45,0,311,7,0,False
2022-11-07,4260705920034,1,3.89,-6,3.89,11,45,0,311,7,0,False
2022-11-07,4260705920119,1,7.99,-11,7.99,11,45,0,311,7,0,False
2022-11-07,4260705920249,1,4.69,-15,4.69,11,45,0,311,7,0,False
2022-11-08,4260705920034,1,3.89,-5,3.89,11,45,1,312,8,1,False
2022-11-08,4260705920591,1,10.49,-1,10.49,11,45,1,312,8,1,False
2022-11-08,4260705920072,1,5.99,-1,5.99,11,45,1,312,8,1,False
2022-11-08,4260705920522,1,6.49,-1,6.49,11,45,1,312,8,1,False
2022-11-08,4260705920010,1,4.29,-4,4.29,11,45,1,312,8,1,False
2022-11-08,4260705920096,1,5.59,-4,5.59,11,45,1,312,8,1,False
2022-11-08,4260705920324,1,10.99,-10,10.99,11,45,1,312,8,1,False
2022-11-08,4260705920119,1,7.99,-5,7.99,11,45,1,312,8,1,False
2022-11-08,4260705920164,1,7.49,-6,7.49,11,45,1,312,8,1,False
2022-11-08,4260705920249,1,4.69,-8,4.69,11,45,1,312,8,1,False
2022-11-08,4260705920416,1,7.19,-7,7.19,11,45,1,312,8,1,False
2022-11-08,4260705920423,1,4.99,-6,4.99,11,45,1,312,8,1,False
2022-11-08,4260705920102,1,6.79,-3,6.79,11,45,1,312,8,1,False
2022-11-09,4260705920423,1,4.99,-7,4.99,11,45,1,313,9,2,False
2022-11-09,4260705920416,1,7.19,-8,7.19,11,45,1,313,9,2,False
2022-11-09,4260705920010,1,4.29,-5,4.29,11,45,1,313,9,2,False
2022-11-09,4260705920034,1,3.89,-6,3.89,11,45,1,313,9,2,False
2022-11-09,4260705920089,1,2.99,-1,2.99,11,45,1,313,9,2,False
2022-11-09,4260705920119,1,7.99,-6,7.99,11,45,1,313,9,2,False
2022-11-09,4260705920294,2,15.99,-14,31.98,11,45,1,313,9,2,False
2022-11-09,4260705920324,2,10.99,-12,21.98,11,45,1,313,9,2,False
2022-11-09,4260705920072,1,5.99,-2,5.99,11,45,1,313,9,2,False
2022-11-10,4260705920294,1,15.99,-15,15.99,11,45,1,314,10,3,False
2022-11-10,4260705920416,1,7.19,-9,7.19,11,45,1,314,10,3,False
2022-11-10,4260705920423,1,4.99,-8,4.99,11,45,1,314,10,3,False
2022-11-10,4260705920324,2,10.99,-14,21.98,11,45,1,314,10,3,False
2022-11-10,4260705920249,1,4.69,-9,4.69,11,45,1,314,10,3,False
2022-11-10,4260705920010,1,4.29,-6,4.29,11,45,1,314,10,3,False
2022-11-10,4260705920102,1,6.79,-4,6.79,11,45,1,314,10,3,False
2022-11-10,4260705920072,1,5.99,-3,5.99,11,45,1,314,10,3,False
2022-11-10,4260705920034,1,3.89,-7,3.89,11,45,1,314,10,3,False
2022-11-10,4260705920515,1,5.49,-1,5.49,11,45,1,314,10,3,False
2022-11-10,4260705920119,1,7.99,-7,7.99,11,45,1,314,10,3,False
2022-11-11,4260705920157,1,7.49,-6,7.49,11,45,1,315,11,4,False
2022-11-11,4260705920416,1,7.19,-10,7.19,11,45,1,315,11,4,False
2022-11-11,4260705920065,3,5.69,-8,17.07,11,45,1,315,11,4,False
2022-11-11,4260705920294,1,15.99,-16,15.99,11,45,1,315,11,4,False
2022-11-11,4260705920249,3,4.69,-12,14.07,11,45,1,315,11,4,False
2022-11-11,4260705920164,1,7.49,-7,7.49,11,45,1,315,11,4,False
2022-11-11,4260705920119,1,7.99,-8,7.99,11,45,1,315,11,4,False
2022-11-11,4260705920522,1,6.49,-2,6.49,11,45,1,315,11,4,False
2022-11-11,4260705920010,1,4.29,-7,4.29,11,45,1,315,11,4,False
2022-11-11,4260705920324,2,10.99,-16,21.98,11,45,1,315,11,4,False
2022-11-11,4260705920584,1,8.99,-1,8.99,11,45,1,315,11,4,False
2022-11-11,4260705920560,1,3.99,-1,3.99,11,45,1,315,11,4,False
2022-11-11,4260705920096,1,5.59,-5,5.59,11,45,1,315,11,4,False
2022-11-11,4260705920546,1,7.79,-1,7.79,11,45,1,315,11,4,False
2022-11-11,4260705920423,1,4.99,-9,4.99,11,45,1,315,11,4,False
2022-11-12,4260705920010,1,4.29,-8,4.29,11,45,1,316,12,5,True
2022-11-12,4260705920522,2,6.49,-4,12.98,11,45,1,316,12,5,True
2022-11-12,4260705920508,1,7.79,-1,7.79,11,45,1,316,12,5,True
2022-11-12,4260705920423,1,4.99,-10,4.99,11,45,1,316,12,5,True
2022-11-12,4260705920416,2,7.19,-12,14.38,11,45,1,316,12,5,True
2022-11-12,4260705920324,2,10.99,-18,21.98,11,45,1,316,12,5,True
2022-11-12,4260705920317,1,9.99,-4,9.99,11,45,1,316,12,5,True
2022-11-12,4260705920300,1,15.49,-4,15.49,11,45,1,316,12,5,True
2022-11-12,4260705920034,1,3.89,-8,3.89,11,45,1,316,12,5,True
2022-11-12,4260705920164,1,7.49,-8,7.49,11,45,1,316,12,5,True
2022-11-12,4260705920133,1,8.99,-1,8.99,11,45,1,316,12,5,True
2022-11-12,4260705920119,1,7.99,-9,7.99,11,45,1,316,12,5,True
2022-11-12,4260705920072,1,5.99,-4,5.99,11,45,1,316,12,5,True
2022-11-12,4260705920065,1,5.69,-9,5.69,11,45,1,316,12,5,True
2022-11-12,4260705920058,1,3.59,-3,3.59,11,45,1,316,12,5,True
2022-11-12,4260705920249,2,4.69,-14,9.38,11,45,1,316,12,5,True
2022-11-14,4260705920102,1,6.79,-5,6.79,11,46,1,318,14,0,False
2022-11-14,4260705920034,1,3.89,-9,3.89,11,46,1,318,14,0,False
2022-11-14,4260705920119,1,7.99,-10,7.99,11,46,1,318,14,0,False
2022-11-14,4260705920300,1,15.49,-5,15.49,11,46,1,318,14,0,False
2022-11-14,4260705920416,1,7.19,-13,7.19,11,46,1,318,14,0,False
2022-11-14,4260705920522,1,6.49,-5,6.49,11,46,1,318,14,0,False
2022-11-14,4260705920324,2,10.99,-20,21.98,11,46,1,318,14,0,False
2022-11-15,4260705920102,1,6.79,-3,6.79,11,46,2,319,15,1,False
2022-11-15,4260705920522,1,6.49,-2,6.49,11,46,2,319,15,1,False
2022-11-15,4260705920416,1,7.19,-8,7.19,11,46,2,319,15,1,False
2022-11-15,4260705920294,1,15.99,-12,15.99,11,46,2,319,15,1,False
2022-11-15,4260705920249,1,4.69,-7,4.69,11,46,2,319,15,1,False
2022-11-15,4260705920119,1,7.99,-5,7.99,11,46,2,319,15,1,False
2022-11-16,4260705920300,1,15.49,-5,15.49,11,46,2,320,16,2,False
2022-11-16,4260705920423,1,4.99,-6,4.99,11,46,2,320,16,2,False
2022-11-16,4260705920164,1,7.49,-6,7.49,11,46,2,320,16,2,False
2022-11-16,4260705920294,1,15.99,-13,15.99,11,46,2,320,16,2,False
2022-11-16,4260705920034,1,3.89,-5,3.89,11,46,2,320,16,2,False
2022-11-16,4260705920010,1,4.29,-4,4.29,11,46,2,320,16,2,False
2022-11-16,4260705920119,1,7.99,-6,7.99,11,46,2,320,16,2,False
2022-11-17,4260705920416,2,7.19,-10,14.38,11,46,2,321,17,3,False
2022-11-17,4260705920010,1,4.29,-5,4.29,11,46,2,321,17,3,False
2022-11-17,4260705920072,1,5.99,-1,5.99,11,46,2,321,17,3,False
2022-11-17,4260705920522,1,6.49,-3,6.49,11,46,2,321,17,3,False
2022-11-17,4260705920515,1,5.49,-1,5.49,11,46,2,321,17,3,False
2022-11-17,4260705920423,1,4.99,-7,4.99,11,46,2,321,17,3,False
2022-11-17,4260705920409,1,17.49,-4,17.49,11,46,2,321,17,3,False
2022-11-17,4260705920324,2,10.99,-13,21.98,11,46,2,321,17,3,False
2022-11-17,4260705920287,1,45.99,-1,45.99,11,46,2,321,17,3,False
2022-11-17,4260705920249,1,4.69,-8,4.69,11,46,2,321,17,3,False
2022-11-17,4260705920294,2,15.99,-15,31.98,11,46,2,321,17,3,False
2022-11-17,4260705920577,1,63.99,-1,63.99,11,46,2,321,17,3,False
2022-11-17,4260705920553,1,4.49,-1,4.49,11,46,2,321,17,3,False
2022-11-17,4260705920225,1,3.29,-3,3.29,11,46,2,321,17,3,False
2022-11-17,4260705920096,1,5.59,-4,5.59,11,46,2,321,17,3,False
2022-11-17,4260705920102,1,6.79,-4,6.79,11,46,2,321,17,3,False
2022-11-17,4260705920218,1,5.99,-1,5.99,11,46,2,321,17,3,False
2022-11-17,4260705920164,1,7.49,-7,7.49,11,46,2,321,17,3,False
2022-11-17,4260705920195,2,4.99,-4,9.98,11,46,2,321,17,3,False
2022-11-17,4260705920201,2,5.99,-2,11.98,11,46,2,321,17,3,False
2022-11-17,4260705920119,1,7.99,-7,7.99,11,46,2,321,17,3,False
2022-11-18,4260705920010,1,4.29,-6,4.29,11,46,2,322,18,4,False
2022-11-18,4260705920294,1,15.99,-16,15.99,11,46,2,322,18,4,False
2022-11-18,4260705920324,1,10.99,-14,10.99,11,46,2,322,18,4,False
2022-11-18,4260705920362,1,2.99,-1,2.99,11,46,2,322,18,4,False
2022-11-18,4260705920539,1,7.99,-1,7.99,11,46,2,322,18,4,False
2022-11-18,4260705920546,1,7.79,-1,7.79,11,46,2,322,18,4,False
2022-11-19,4260705920157,1,7.49,-6,7.49,11,46,2,323,19,5,True
2022-11-19,4260705920140,1,8.19,-4,8.19,11,46,2,323,19,5,True
2022-11-19,4260705920164,1,7.49,-8,7.49,11,46,2,323,19,5,True
2022-11-19,4260705920010,1,4.29,-7,4.29,11,46,2,323,19,5,True
2022-11-19,4260705920416,1,7.19,-11,7.19,11,46,2,323,19,5,True
2022-11-19,4260705920072,1,5.99,-2,5.99,11,46,2,323,19,5,True
2022-11-19,4260705920300,1,15.49,-6,15.49,11,46,2,323,19,5,True
2022-11-19,4260705920331,1,8.69,-7,8.69,11,46,2,323,19,5,True
2022-11-19,4260705920324,1,10.99,-15,10.99,11,46,2,323,19,5,True
2022-11-19,4260705920294,1,15.99,-17,15.99,11,46,2,323,19,5,True
2022-11-19,4260705920423,1,4.99,-8,4.99,11,46,2,323,19,5,True
2022-11-19,4260705920522,1,6.49,-4,6.49,11,46,2,323,19,5,True
2022-11-19,4260705920027,1,3.89,-4,3.89,11,46,2,323,19,5,True
2022-11-19,4260705920119,1,7.99,-8,7.99,11,46,2,323,19,5,True
2022-11-21,4260705920072,1,5.99,-3,5.99,11,47,2,325,21,0,False
2022-11-21,4260705920119,1,7.99,-9,7.99,11,47,2,325,21,0,False
2022-11-21,4260705920324,2,10.99,-17,21.98,11,47,2,325,21,0,False
2022-11-21,4260705920416,1,7.19,-12,7.19,11,47,2,325,21,0,False
2022-11-21,4260705920423,1,4.99,-9,4.99,11,47,2,325,21,0,False
2022-11-21,4260705920522,1,6.49,-5,6.49,11,47,2,325,21,0,False
2022-11-22,4260705920096,1,5.59,-4,5.59,11,47,3,326,22,1,False
2022-11-22,4260705920522,1,6.49,-2,6.49,11,47,3,326,22,1,False
2022-11-22,4260705920072,1,5.99,-2,5.99,11,47,3,326,22,1,False
2022-11-22,4260705920423,1,4.99,-7,4.99,11,47,3,326,22,1,False
2022-11-22,4260705920010,1,4.29,-4,4.29,11,47,3,326,22,1,False
2022-11-22,4260705920034,1,3.89,-4,3.89,11,47,3,326,22,1,False
2022-11-22,4260705920324,1,10.99,-12,10.99,11,47,3,326,22,1,False
2022-11-22,4260705920249,1,4.69,-7,4.69,11,47,3,326,22,1,False
2022-11-22,4260705920294,1,15.99,-12,15.99,11,47,3,326,22,1,False
2022-11-22,4260705920300,1,15.49,-4,15.49,11,47,3,326,22,1,False
2022-11-22,4260705920416,1,7.19,-8,7.19,11,47,3,326,22,1,False
2022-11-22,4260705920119,1,7.99,-5,7.99,11,47,3,326,22,1,False
2022-11-22,4260705920102,1,6.79,-2,6.79,11,47,3,326,22,1,False
2022-11-23,4260705920034,1,3.89,-5,3.89,11,47,3,327,23,2,False
2022-11-23,4260705920515,1,5.49,-1,5.49,11,47,3,327,23,2,False
2022-11-23,4260705920324,2,10.99,-14,21.98,11,47,3,327,23,2,False
2022-11-23,4260705920010,1,4.29,-5,4.29,11,47,3,327,23,2,False
2022-11-23,4260705920072,1,5.99,-3,5.99,11,47,3,327,23,2,False
2022-11-23,4260705920522,1,6.49,-3,6.49,11,47,3,327,23,2,False
2022-11-23,4260705920119,1,7.99,-6,7.99,11,47,3,327,23,2,False
2022-11-23,4260705920416,1,7.19,-9,7.19,11,47,3,327,23,2,False
2022-11-23,4260705920294,1,15.99,-13,15.99,11,47,3,327,23,2,False
2022-11-23,4260705920249,1,4.69,-8,4.69,11,47,3,327,23,2,False
2022-11-23,4260705920102,1,6.79,-3,6.79,11,47,3,327,23,2,False
2022-11-24,4260705920119,1,7.99,-7,7.99,11,47,3,328,24,3,False
2022-11-24,4260705920584,1,8.99,-1,8.99,11,47,3,328,24,3,False
2022-11-24,4260705920010,1,4.29,-6,4.29,11,47,3,328,24,3,False
2022-11-24,4260705920324,2,10.99,-16,21.98,11,47,3,328,24,3,False
2022-11-24,4260705920294,2,15.99,-15,31.98,11,47,3,328,24,3,False
2022-11-24,4260705920416,1,7.19,-10,7.19,11,47,3,328,24,3,False
2022-11-24,4260705920423,1,4.99,-8,4.99,11,47,3,328,24,3,False
2022-11-24,4260705920522,1,6.49,-4,6.49,11,47,3,328,24,3,False
2022-11-24,4260705920300,1,15.49,-5,15.49,11,47,3,328,24,3,False
2022-11-25,4260705920010,1,4.29,-7,4.29,11,47,3,329,25,4,False
2022-11-25,4260705920027,1,3.89,-4,3.89,11,47,3,329,25,4,False
2022-11-25,4260705920515,1,5.49,-2,5.49,11,47,3,329,25,4,False
2022-11-25,4260705920508,1,7.79,-1,7.79,11,47,3,329,25,4,False
2022-11-25,4260705920423,1,4.99,-9,4.99,11,47,3,329,25,4,False
2022-11-25,4260705920324,2,10.99,-18,21.98,11,47,3,329,25,4,False
2022-11-25,4260705920300,1,15.49,-6,15.49,11,47,3,329,25,4,False
2022-11-25,4260705920294,1,15.99,-16,15.99,11,47,3,329,25,4,False
2022-11-25,4260705920249,1,4.69,-9,4.69,11,47,3,329,25,4,False
2022-11-25,4260705920416,1,7.19,-11,7.19,11,47,3,329,25,4,False
2022-11-26,4260705920034,1,3.89,-6,3.89,11,47,3,330,26,5,True
2022-11-26,4260705920102,1,6.79,-4,6.79,11,47,3,330,26,5,True
2022-11-26,4260705920058,1,3.59,-3,3.59,11,47,3,330,26,5,True
2022-11-26,4260705920119,1,7.99,-8,7.99,11,47,3,330,26,5,True
2022-11-26,4260705920133,1,8.99,-1,8.99,11,47,3,330,26,5,True
2022-11-26,4260705920157,1,7.49,-6,7.49,11,47,3,330,26,5,True
2022-11-26,4260705920164,1,7.49,-6,7.49,11,47,3,330,26,5,True
2022-11-26,4260705920294,1,15.99,-17,15.99,11,47,3,330,26,5,True
2022-11-26,4260705920324,1,10.99,-19,10.99,11,47,3,330,26,5,True
2022-11-26,4260705920331,1,8.69,-7,8.69,11,47,3,330,26,5,True
2022-11-26,4260705920546,1,7.79,-1,7.79,11,47,3,330,26,5,True
2022-11-26,4260705920522,1,6.49,-5,6.49,11,47,3,330,26,5,True
2022-11-28,4260705920034,1,3.89,-7,3.89,11,48,3,332,28,0,False
2022-11-28,4260705920522,1,6.49,-6,6.49,11,48,3,332,28,0,False
2022-11-28,4260705920324,2,10.99,-21,21.98,11,48,3,332,28,0,False
2022-11-28,4260705920072,1,5.99,-4,5.99,11,48,3,332,28,0,False
2022-11-28,4260705920157,1,7.49,-7,7.49,11,48,3,332,28,0,False
2022-11-28,4260705920164,1,7.49,-7,7.49,11,48,3,332,28,0,False
2022-11-28,4260705920294,1,15.99,-18,15.99,11,48,3,332,28,0,False
2022-11-29,4260705920119,1,7.99,-4,7.99,11,48,4,333,29,1,False
2022-11-29,4260705920072,1,5.99,-2,5.99,11,48,4,333,29,1,False
2022-11-29,4260705920515,1,5.49,-1,5.49,11,48,4,333,29,1,False
2022-11-29,4260705920300,1,15.49,-4,15.49,11,48,4,333,29,1,False
2022-11-29,4260705920423,1,4.99,-6,4.99,11,48,4,333,29,1,False
2022-11-29,4260705920225,1,3.29,-3,3.29,11,48,4,333,29,1,False
2022-11-29,4260705920164,1,7.49,-7,7.49,11,48,4,333,29,1,False
2022-11-29,4260705920010,1,4.29,-4,4.29,11,48,4,333,29,1,False
2022-11-29,4260705920324,2,10.99,-13,21.98,11,48,4,333,29,1,False
2022-11-29,4260705920249,1,4.69,-7,4.69,11,48,4,333,29,1,False
2022-11-30,4260705920416,1,7.19,-7,7.19,11,48,4,334,30,2,False
2022-11-30,4260705920300,1,15.49,-5,15.49,11,48,4,334,30,2,False
2022-11-30,4260705920522,1,6.49,-2,6.49,11,48,4,334,30,2,False
2022-11-30,4260705920515,1,5.49,-2,5.49,11,48,4,334,30,2,False
2022-11-30,4260705920423,1,4.99,-7,4.99,11,48,4,334,30,2,False
2022-11-30,4260705920324,2,10.99,-15,21.98,11,48,4,334,30,2,False
2022-11-30,4260705920034,1,3.89,-5,3.89,11,48,4,334,30,2,False
2022-11-30,4260705920294,2,15.99,-14,31.98,11,48,4,334,30,2,False
2022-11-30,4260705920164,1,7.49,-8,7.49,11,48,4,334,30,2,False
2022-11-30,4260705920010,1,4.29,-5,4.29,11,48,4,334,30,2,False
2022-11-30,4260705920072,1,5.99,-3,5.99,11,48,4,334,30,2,False
2022-11-30,4260705920102,1,6.79,-2,6.79,11,48,4,334,30,2,False
2022-11-30,4260705920157,1,7.49,-7,7.49,11,48,4,334,30,2,False
2022-12-01,4260705920300,1,15.49,-6,15.49,12,48,0,335,1,3,False
2022-12-01,4260705920249,1,4.69,-8,4.69,12,48,0,335,1,3,False
2022-12-01,4260705920522,1,6.49,-3,6.49,12,48,0,335,1,3,False
2022-12-01,4260705920416,1,7.19,-8,7.19,12,48,0,335,1,3,False
2022-12-01,4260705920294,2,15.99,-16,31.98,12,48,0,335,1,3,False
2022-12-01,4260705920324,2,10.99,-17,21.98,12,48,0,335,1,3,False
2022-12-01,4260705920225,1,3.29,-4,3.29,12,48,0,335,1,3,False
2022-12-01,4260705920102,1,6.79,-3,6.79,12,48,0,335,1,3,False
2022-12-01,4260705920157,1,7.49,-8,7.49,12,48,0,335,1,3,False
2022-12-01,4260705920072,1,5.99,-4,5.99,12,48,0,335,1,3,False
2022-12-01,4260705920034,1,3.89,-6,3.89,12,48,0,335,1,3,False
2022-12-01,4260705920010,1,4.29,-6,4.29,12,48,0,335,1,3,False
2022-12-02,4260705920072,1,5.99,-5,5.99,12,48,0,336,2,4,False
2022-12-02,4260705920294,1,15.99,-17,15.99,12,48,0,336,2,4,False
2022-12-02,4260705920300,1,15.49,-7,15.49,12,48,0,336,2,4,False
2022-12-02,4260705920362,1,2.99,-1,2.99,12,48,0,336,2,4,False
2022-12-03,4260705920102,1,6.79,-4,6.79,12,48,0,337,3,5,True
2022-12-03,4260705920157,1,7.49,-9,7.49,12,48,0,337,3,5,True
2022-12-03,4260705920164,1,7.49,-9,7.49,12,48,0,337,3,5,True
2022-12-03,4260705920249,1,4.69,-9,4.69,12,48,0,337,3,5,True
2022-12-03,4260705920010,1,4.29,-7,4.29,12,48,0,337,3,5,True
2022-12-03,4260705920324,2,10.99,-19,21.98,12,48,0,337,3,5,True
2022-12-03,4260705920522,1,6.49,-4,6.49,12,48,0,337,3,5,True
2022-12-03,4260705920546,1,7.79,-1,7.79,12,48,0,337,3,5,True
2022-12-03,4260705920294,1,15.99,-18,15.99,12,48,0,337,3,5,True
2022-12-05,4260705920102,1,6.79,-5,6.79,12,49,0,339,5,0,False
2022-12-05,4260705920072,1,5.99,-6,5.99,12,49,0,339,5,0,False
2022-12-05,4260705920034,1,3.89,-7,3.89,12,49,0,339,5,0,False
2022-12-05,4260705920249,1,4.69,-10,4.69,12,49,0,339,5,0,False
2022-12-05,4260705920416,1,7.19,-9,7.19,12,49,0,339,5,0,False
2022-12-05,4260705920362,2,2.99,-3,5.98,12,49,0,339,5,0,False
2022-12-05,4260705920324,1,10.99,-20,10.99,12,49,0,339,5,0,False
2022-12-05,4260705920027,1,3.89,-4,3.89,12,49,0,339,5,0,False
2022-12-06,4260705920522,1,6.49,-1,6.49,12,49,0,340,6,1,False
2022-12-06,4260705920362,1,2.99,-3,2.99,12,49,0,340,6,1,False
2022-12-06,4260705920164,1,7.49,-6,7.49,12,49,0,340,6,1,False
2022-12-06,4260705920157,1,7.49,-6,7.49,12,49,0,340,6,1,False
2022-12-06,4260705920072,1,5.99,-2,5.99,12,49,0,340,6,1,False
2022-12-06,4260705920225,1,3.29,-3,3.29,12,49,0,340,6,1,False
2022-12-07,4260705920072,1,5.99,-3,5.99,12,49,0,341,7,2,False
2022-12-07,4260705920294,2,15.99,-13,31.98,12,49,0,341,7,2,False
2022-12-07,4260705920249,1,4.69,-8,4.69,12,49,0,341,7,2,False
2022-12-07,4260705920102,1,6.79,-3,6.79,12,49,0,341,7,2,False
2022-12-07,4260705920034,1,3.89,-5,3.89,12,49,0,341,7,2,False
2022-12-07,4260705920157,1,7.49,-7,7.49,12,49,0,341,7,2,False
2022-12-07,4260705920522,1,6.49,-2,6.49,12,49,0,341,7,2,False
2022-12-07,4260705920423,1,4.99,-6,4.99,12,49,0,341,7,2,False
2022-12-07,4260705920324,2,10.99,-12,21.98,12,49,0,341,7,2,False
2022-12-07,4260705920010,1,4.29,-4,4.29,12,49,0,341,7,2,False
2022-12-07,4260705920416,1,7.19,-8,7.19,12,49,0,341,7,2,False
2022-12-08,4260705920423,1,4.99,-7,4.99,12,49,1,342,8,3,False
2022-12-08,4260705920522,1,6.49,-3,6.49,12,49,1,342,8,3,False
2022-12-08,4260705920416,1,7.19,-9,7.19,12,49,1,342,8,3,False
2022-12-08,4260705920300,1,15.49,-4,15.49,12,49,1,342,8,3,False
2022-12-08,4260705920010,1,4.29,-5,4.29,12,49,1,342,8,3,False
2022-12-08,4260705920102,1,6.79,-4,6.79,12,49,1,342,8,3,False
2022-12-08,4260705920157,1,7.49,-8,7.49,12,49,1,342,8,3,False
2022-12-08,4260705920164,1,7.49,-7,7.49,12,49,1,342,8,3,False
2022-12-08,4260705920225,1,3.29,-4,3.29,12,49,1,342,8,3,False
2022-12-08,4260705920249,1,4.69,-9,4.69,12,49,1,342,8,3,False
2022-12-08,4260705920034,1,3.89,-6,3.89,12,49,1,342,8,3,False
2022-12-09,4260705920324,2,10.99,-14,21.98,12,49,1,343,9,4,False
2022-12-09,4260705920010,1,4.29,-6,4.29,12,49,1,343,9,4,False
2022-12-09,4260705920515,1,5.49,-1,5.49,12,49,1,343,9,4,False
2022-12-09,4260705920416,1,7.19,-10,7.19,12,49,1,343,9,4,False
2022-12-09,4260705920300,1,15.49,-5,15.49,12,49,1,343,9,4,False
2022-12-09,4260705920294,2,15.99,-15,31.98,12,49,1,343,9,4,False
2022-12-09,4260705920249,1,4.69,-10,4.69,12,49,1,343,9,4,False
2022-12-09,4260705920072,1,5.99,-4,5.99,12,49,1,343,9,4,False
2022-12-09,4260705920096,1,5.59,-4,5.59,12,49,1,343,9,4,False
2022-12-09,4260705920157,1,7.49,-9,7.49,12,49,1,343,9,4,False
2022-12-09,4260705920102,1,6.79,-5,6.79,12,49,1,343,9,4,False
2022-12-10,4260705920010,1,4.29,-7,4.29,12,49,1,344,10,5,True
2022-12-10,4260705920072,1,5.99,-5,5.99,12,49,1,344,10,5,True
2022-12-10,4260705920249,1,4.69,-11,4.69,12,49,1,344,10,5,True
2022-12-10,4260705920300,1,15.49,-6,15.49,12,49,1,344,10,5,True
2022-12-10,4260705920522,1,6.49,-4,6.49,12,49,1,344,10,5,True
2022-12-10,4260705920423,1,4.99,-8,4.99,12,49,1,344,10,5,True
2022-12-10,4260705920324,2,10.99,-16,21.98,12,49,1,344,10,5,True
2022-12-10,4260705920294,1,15.99,-16,15.99,12,49,1,344,10,5,True
2022-12-12,4260705920157,1,7.49,-10,7.49,12,50,1,346,12,0,False
2022-12-12,4260705920027,1,3.89,-5,3.89,12,50,1,346,12,0,False
2022-12-12,4260705920010,1,4.29,-8,4.29,12,50,1,346,12,0,False
2022-12-12,4260705920096,1,5.59,-5,5.59,12,50,1,346,12,0,False
2022-12-12,4260705920164,1,7.49,-8,7.49,12,50,1,346,12,0,False
2022-12-12,4260705920324,2,10.99,-18,21.98,12,50,1,346,12,0,False
2022-12-12,4260705920423,1,4.99,-9,4.99,12,50,1,346,12,0,False
2022-12-12,4260705920249,1,4.69,-12,4.69,12,50,1,346,12,0,False
2022-12-13,4260705920300,1,15.49,-4,15.49,12,50,1,347,13,1,False
2022-12-13,4260705920522,1,6.49,-1,6.49,12,50,1,347,13,1,False
2022-12-13,4260705920324,1,10.99,-12,10.99,12,50,1,347,13,1,False
2022-12-13,4260705920096,1,5.59,-5,5.59,12,50,1,347,13,1,False
2022-12-13,4260705920034,1,3.89,-4,3.89,12,50,1,347,13,1,False
2022-12-13,4260705920027,1,3.89,-5,3.89,12,50,1,347,13,1,False
2022-12-13,4260705920225,1,3.29,-3,3.29,12,50,1,347,13,1,False
2022-12-14,4260705920522,1,6.49,-2,6.49,12,50,1,348,14,2,False
2022-12-14,4260705920249,1,4.69,-8,4.69,12,50,1,348,14,2,False
2022-12-14,4260705920362,2,2.99,-2,5.98,12,50,1,348,14,2,False
2022-12-14,4260705920027,1,3.89,-6,3.89,12,50,1,348,14,2,False
2022-12-14,4260705920324,1,10.99,-13,10.99,12,50,1,348,14,2,False
2022-12-14,4260705920010,1,4.29,-5,4.29,12,50,1,348,14,2,False
2022-12-14,4260705920294,1,15.99,-12,15.99,12,50,1,348,14,2,False
2022-12-14,4260705920072,1,5.99,-1,5.99,12,50,1,348,14,2,False
2022-12-15,4260705920010,1,4.29,-6,4.29,12,50,2,349,15,3,False
2022-12-15,4260705920324,1,10.99,-14,10.99,12,50,2,349,15,3,False
2022-12-15,4260705920102,1,6.79,-2,6.79,12,50,2,349,15,3,False
2022-12-15,4260705920072,1,5.99,-2,5.99,12,50,2,349,15,3,False
2022-12-15,4260705920416,1,7.19,-7,7.19,12,50,2,349,15,3,False
2022-12-15,4260705920294,1,15.99,-13,15.99,12,50,2,349,15,3,False
2022-12-16,4260705920324,2,10.99,-16,21.98,12,50,2,350,16,4,False
2022-12-16,4260705920423,1,4.99,-7,4.99,12,50,2,350,16,4,False
2022-12-16,4260705920416,1,7.19,-8,7.19,12,50,2,350,16,4,False
2022-12-16,4260705920300,1,15.49,-5,15.49,12,50,2,350,16,4,False
2022-12-16,4260705920294,2,15.99,-15,31.98,12,50,2,350,16,4,False
2022-12-16,4260705920164,1,7.49,-7,7.49,12,50,2,350,16,4,False
2022-12-16,4260705920096,1,5.59,-6,5.59,12,50,2,350,16,4,False
2022-12-16,4260705920515,1,5.49,-1,5.49,12,50,2,350,16,4,False
2022-12-16,4260705920072,1,5.99,-3,5.99,12,50,2,350,16,4,False
2022-12-16,4260705920010,1,4.29,-7,4.29,12,50,2,350,16,4,False
2022-12-17,4260705920300,1,15.49,-6,15.49,12,50,2,351,17,5,True
2022-12-17,4260705920249,1,4.69,-9,4.69,12,50,2,351,17,5,True
2022-12-17,4260705920416,1,7.19,-9,7.19,12,50,2,351,17,5,True
2022-12-17,4260705920294,1,15.99,-16,15.99,12,50,2,351,17,5,True
2022-12-17,4260705920331,1,8.69,-7,8.69,12,50,2,351,17,5,True
2022-12-17,4260705920157,1,7.49,-7,7.49,12,50,2,351,17,5,True
2022-12-17,4260705920324,1,10.99,-17,10.99,12,50,2,351,17,5,True
2022-12-19,4260705920522,1,6.49,-3,6.49,12,51,2,353,19,0,False
2022-12-19,4260705920010,1,4.29,-8,4.29,12,51,2,353,19,0,False
2022-12-19,4260705920249,1,4.69,-10,4.69,12,51,2,353,19,0,False
2022-12-19,4260705920164,1,7.49,-8,7.49,12,51,2,353,19,0,False
2022-12-19,4260705920157,1,7.49,-8,7.49,12,51,2,353,19,0,False
2022-12-19,4260705920096,1,5.59,-7,5.59,12,51,2,353,19,0,False
2022-12-19,4260705920089,1,2.99,-1,2.99,12,51,2,353,19,0,False
2022-12-19,4260705920034,1,3.89,-5,3.89,12,51,2,353,19,0,False
2022-12-19,4260705920027,1,3.89,-7,3.89,12,51,2,353,19,0,False
2022-12-19,4260705920294,2,15.99,-18,31.98,12,51,2,353,19,0,False
2022-12-19,4260705920423,1,4.99,-8,4.99,12,51,2,353,19,0,False
2022-12-19,4260705920324,1,10.99,-18,10.99,12,51,2,353,19,0,False
2022-12-20,4260705920522,1,6.49,-2,6.49,12,51,2,354,20,1,False
2022-12-20,4260705920416,1,7.19,-7,7.19,12,51,2,354,20,1,False
2022-12-20,4260705920324,2,10.99,-12,21.98,12,51,2,354,20,1,False
2022-12-20,4260705920294,1,15.99,-14,15.99,12,51,2,354,20,1,False
2022-12-20,4260705920034,1,3.89,-5,3.89,12,51,2,354,20,1,False
2022-12-20,4260705920027,1,3.89,-5,3.89,12,51,2,354,20,1,False
2022-12-21,4260705920416,1,7.19,-8,7.19,12,51,2,355,21,2,False
2022-12-21,4260705920362,1,2.99,-1,2.99,12,51,2,355,21,2,False
2022-12-21,4260705920522,1,6.49,-3,6.49,12,51,2,355,21,2,False
2022-12-21,4260705920249,1,4.69,-8,4.69,12,51,2,355,21,2,False
2022-12-21,4260705920300,1,15.49,-4,15.49,12,51,2,355,21,2,False
2022-12-21,4260705920324,1,10.99,-13,10.99,12,51,2,355,21,2,False
2022-12-21,4260705920294,2,15.99,-16,31.98,12,51,2,355,21,2,False
2022-12-21,4260705920072,1,5.99,-1,5.99,12,51,2,355,21,2,False
2022-12-22,4260705920249,1,4.69,-9,4.69,12,51,3,356,22,3,False
2022-12-22,4260705920522,1,6.49,-4,6.49,12,51,3,356,22,3,False
2022-12-22,4260705920294,2,15.99,-18,31.98,12,51,3,356,22,3,False
2022-12-22,4260705920225,1,3.29,-3,3.29,12,51,3,356,22,3,False
2022-12-22,4260705920416,1,7.19,-9,7.19,12,51,3,356,22,3,False
2022-12-22,4260705920102,1,6.79,-2,6.79,12,51,3,356,22,3,False
2022-12-22,4260705920089,1,2.99,-2,2.99,12,51,3,356,22,3,False
2022-12-22,4260705920010,1,4.29,-5,4.29,12,51,3,356,22,3,False
2022-12-22,4260705920164,1,7.49,-7,7.49,12,51,3,356,22,3,False
2022-12-23,4260705920546,1,7.79,-1,7.79,12,51,3,357,23,4,False
2022-12-23,4260705920522,1,6.49,-5,6.49,12,51,3,357,23,4,False
2022-12-23,4260705920423,1,4.99,-7,4.99,12,51,3,357,23,4,False
2022-12-23,4260705920416,1,7.19,-10,7.19,12,51,3,357,23,4,False
2022-12-23,4260705920324,2,10.99,-15,21.98,12,51,3,357,23,4,False
2022-12-23,4260705920102,1,6.79,-3,6.79,12,51,3,357,23,4,False
2022-12-23,4260705920249,1,4.69,-10,4.69,12,51,3,357,23,4,False
2022-12-23,4260705920157,1,7.49,-7,7.49,12,51,3,357,23,4,False
2022-12-23,4260705920072,1,5.99,-2,5.99,12,51,3,357,23,4,False
2022-12-23,4260705920010,1,4.29,-6,4.29,12,51,3,357,23,4,False
2022-12-23,4260705920294,1,15.99,-19,15.99,12,51,3,357,23,4,False
2022-12-27,4260705920287,1,45.99,-1,45.99,12,52,3,361,27,1,False
2022-12-27,4260705920164,1,7.49,-6,7.49,12,52,3,361,27,1,False
2022-12-27,4260705920249,1,4.69,-7,4.69,12,52,3,361,27,1,False
2022-12-27,4260705920263,1,52.99,-1,52.99,12,52,3,361,27,1,False
2022-12-27,4260705920294,2,15.99,-13,31.98,12,52,3,361,27,1,False
2022-12-27,4260705920393,1,2.99,-3,2.99,12,52,3,361,27,1,False
2022-12-27,4260705920324,2,10.99,-11,21.98,12,52,3,361,27,1,False
2022-12-27,4260705920157,1,7.49,-6,7.49,12,52,3,361,27,1,False
2022-12-27,4260705920102,1,6.79,-2,6.79,12,52,3,361,27,1,False
2022-12-27,4260705920010,1,4.29,-4,4.29,12,52,3,361,27,1,False
2022-12-27,4260705920034,1,3.89,-4,3.89,12,52,3,361,27,1,False
2022-12-27,4260705920072,1,5.99,-1,5.99,12,52,3,361,27,1,False
2022-12-27,4260705920416,2,7.19,-8,14.38,12,52,3,361,27,1,False
2022-12-28,4260705920270,1,54.99,-1,54.99,12,52,3,362,28,2,False
2022-12-28,4260705920423,1,4.99,-6,4.99,12,52,3,362,28,2,False
2022-12-28,4260705920409,1,17.49,-4,17.49,12,52,3,362,28,2,False
2022-12-28,4260705920089,1,2.99,-1,2.99,12,52,3,362,28,2,False
2022-12-28,4260705920157,1,7.49,-7,7.49,12,52,3,362,28,2,False
2022-12-28,4260705920225,1,3.29,-3,3.29,12,52,3,362,28,2,False
2022-12-28,4260705920263,1,52.99,-2,52.99,12,52,3,362,28,2,False
2022-12-28,4260705920294,1,15.99,-14,15.99,12,52,3,362,28,2,False
2022-12-29,4260705920393,1,2.99,-4,2.99,12,52,4,363,29,3,False
2022-12-29,4260705920324,1,10.99,-12,10.99,12,52,4,363,29,3,False
2022-12-29,4260705920089,1,2.99,-2,2.99,12,52,4,363,29,3,False
2022-12-29,4260705920157,1,7.49,-8,7.49,12,52,4,363,29,3,False
2022-12-29,4260705920164,1,7.49,-7,7.49,12,52,4,363,29,3,False
2022-12-30,4260705920522,1,6.49,-1,6.49,12,52,4,364,30,4,False
2022-12-30,4260705920164,1,7.49,-8,7.49,12,52,4,364,30,4,False
2022-12-30,4260705920010,1,4.29,-5,4.29,12,52,4,364,30,4,False
2022-12-30,4260705920294,1,15.99,-15,15.99,12,52,4,364,30,4,False
2022-12-30,4260705920157,1,7.49,-9,7.49,12,52,4,364,30,4,False
2022-12-30,4260705920324,1,10.99,-13,10.99,12,52,4,364,30,4,False
2022-12-30,4260705920331,1,8.69,-7,8.69,12,52,4,364,30,4,False
2022-12-30,4260705920546,1,7.79,-1,7.79,12,52,4,364,30,4,False
2022-12-30,4260705920300,1,15.49,-4,15.49,12,52,4,364,30,4,False
2022-12-31,4260705920300,1,15.49,-5,15.49,12,52,4,365,31,5,True
2022-12-31,4260705920317,1,9.99,-4,9.99,12,52,4,365,31,5,True
2022-12-31,4260705920294,2,15.99,-17,31.98,12,52,4,365,31,5,True
2023-01-02,4260705920010,1,4.29,-4,4.29,1,1,0,2,2,0,False
2023-01-02,4260705920423,1,4.99,-6,4.99,1,1,0,2,2,0,False
2023-01-02,4260705920416,1,7.19,-7,7.19,1,1,0,2,2,0,False
2023-01-02,4260705920362,1,2.99,-1,2.99,1,1,0,2,2,0,False
2023-01-02,4260705920522,1,6.49,-1,6.49,1,1,0,2,2,0,False
2023-01-02,4260705920096,1,5.59,-4,5.59,1,1,0,2,2,0,False
2023-01-02,4260705920157,1,7.49,-6,7.49,1,1,0,2,2,0,False
2023-01-02,4260705920294,1,15.99,-12,15.99,1,1,0,2,2,0,False
2023-01-02,4260705920300,1,15.49,-4,15.49,1,1,0,2,2,0,False
2023-01-03,4260705920010,1,4.29,-5,4.29,1,1,0,3,3,1,False
2023-01-03,4260705920102,1,6.79,-2,6.79,1,1,0,3,3,1,False
2023-01-03,4260705920294,2,15.99,-14,31.98,1,1,0,3,3,1,False
2023-01-03,4260705920225,1,3.29,-3,3.29,1,1,0,3,3,1,False
2023-01-03,4260705920416,1,7.19,-8,7.19,1,1,0,3,3,1,False
2023-01-03,4260705920522,1,6.49,-2,6.49,1,1,0,3,3,1,False
2023-01-03,4260705920324,2,10.99,-11,21.98,1,1,0,3,3,1,False
2023-01-04,4260705920294,1,15.99,-15,15.99,1,1,0,4,4,2,False
2023-01-04,4260705920249,1,4.69,-7,4.69,1,1,0,4,4,2,False
2023-01-04,4260705920102,1,6.79,-3,6.79,1,1,0,4,4,2,False
2023-01-04,4260705920096,1,5.59,-5,5.59,1,1,0,4,4,2,False
2023-01-05,4260705920072,1,5.99,-1,5.99,1,1,0,5,5,3,False
2023-01-05,4260705920010,1,4.29,-6,4.29,1,1,0,5,5,3,False
2023-01-05,4260705920096,1,5.59,-6,5.59,1,1,0,5,5,3,False
2023-01-05,4260705920294,2,15.99,-17,31.98,1,1,0,5,5,3,False
2023-01-05,4260705920324,1,10.99,-12,10.99,1,1,0,5,5,3,False
2023-01-05,4260705920423,1,4.99,-7,4.99,1,1,0,5,5,3,False
2023-01-05,4260705920522,1,6.49,-3,6.49,1,1,0,5,5,3,False
2023-01-05,4260705920102,1,6.79,-4,6.79,1,1,0,5,5,3,False
2023-01-06,4260705920522,1,6.49,-4,6.49,1,1,0,6,6,4,False
2023-01-06,4260705920423,1,4.99,-8,4.99,1,1,0,6,6,4,False
2023-01-06,4260705920416,1,7.19,-9,7.19,1,1,0,6,6,4,False
2023-01-06,4260705920164,1,7.49,-6,7.49,1,1,0,6,6,4,False
2023-01-06,4260705920300,1,15.49,-5,15.49,1,1,0,6,6,4,False
2023-01-06,4260705920249,1,4.69,-8,4.69,1,1,0,6,6,4,False
2023-01-06,4260705920157,1,7.49,-7,7.49,1,1,0,6,6,4,False
2023-01-06,4260705920010,1,4.29,-7,4.29,1,1,0,6,6,4,False
2023-01-06,4260705920324,2,10.99,-14,21.98,1,1,0,6,6,4,False
2023-01-07,4260705920102,1,6.79,-5,6.79,1,1,0,7,7,5,True
2023-01-07,4260705920522,1,6.49,-5,6.49,1,1,0,7,7,5,True
2023-01-07,4260705920294,2,15.99,-19,31.98,1,1,0,7,7,5,True
2023-01-07,4260705920416,1,7.19,-10,7.19,1,1,0,7,7,5,True
2023-01-07,4260705920249,1,4.69,-9,4.69,1,1,0,7,7,5,True
2023-01-07,4260705920072,1,5.99,-2,5.99,1,1,0,7,7,5,True
2023-01-07,4260705920010,1,4.29,-8,4.29,1,1,0,7,7,5,True
2023-01-07,4260705920157,1,7.49,-8,7.49,1,1,0,7,7,5,True
2023-01-09,4260705920072,1,5.99,-1,5.99,1,2,1,9,9,0,False
2023-01-09,4260705920164,1,7.49,-6,7.49,1,2,1,9,9,0,False
2023-01-09,4260705920249,1,4.69,-7,4.69,1,2,1,9,9,0,False
2023-01-09,4260705920157,1,7.49,-6,7.49,1,2,1,9,9,0,False
2023-01-09,4260705920416,1,7.19,-7,7.19,1,2,1,9,9,0,False
2023-01-09,4260705920423,1,4.99,-6,4.99,1,2,1,9,9,0,False
2023-01-09,4260705920522,1,6.49,-1,6.49,1,2,1,9,9,0,False
2023-01-09,4260705920393,1,2.99,-3,2.99,1,2,1,9,9,0,False
2023-01-10,4260705920591,1,10.49,-1,10.49,1,2,1,10,10,1,False
2023-01-10,4260705920423,1,4.99,-7,4.99,1,2,1,10,10,1,False
2023-01-10,4260705920096,1,5.59,-4,5.59,1,2,1,10,10,1,False
2023-01-11,4260705920324,1,10.99,-10,10.99,1,2,1,11,11,2,False
2023-01-11,4260705920522,1,6.49,-2,6.49,1,2,1,11,11,2,False
2023-01-11,4260705920072,1,5.99,-2,5.99,1,2,1,11,11,2,False
2023-01-12,4260705920324,1,10.99,-11,10.99,1,2,1,12,12,3,False
2023-01-12,4260705920294,1,15.99,-12,15.99,1,2,1,12,12,3,False
2023-01-12,4260705920362,3,2.99,-3,8.97,1,2,1,12,12,3,False
2023-01-12,4260705920072,1,5.99,-3,5.99,1,2,1,12,12,3,False
2023-01-12,4260705920102,1,6.79,-2,6.79,1,2,1,12,12,3,False
2023-01-12,4260705920416,1,7.19,-8,7.19,1,2,1,12,12,3,False
2023-01-13,4260705920294,2,15.99,-14,31.98,1,2,1,13,13,4,False
2023-01-13,4260705920300,1,15.49,-4,15.49,1,2,1,13,13,4,False
2023-01-13,4260705920324,2,10.99,-13,21.98,1,2,1,13,13,4,False
2023-01-13,4260705920416,1,7.19,-9,7.19,1,2,1,13,13,4,False
2023-01-13,4260705920546,1,7.79,-1,7.79,1,2,1,13,13,4,False
2023-01-13,4260705920072,1,5.99,-4,5.99,1,2,1,13,13,4,False
2023-01-13,4260705920010,1,4.29,-4,4.29,1,2,1,13,13,4,False
2023-01-14,4260705920157,1,7.49,-7,7.49,1,2,1,14,14,5,True
2023-01-14,4260705920423,1,4.99,-8,4.99,1,2,1,14,14,5,True
2023-01-14,4260705920300,1,15.49,-5,15.49,1,2,1,14,14,5,True
2023-01-14,4260705920294,2,15.99,-16,31.98,1,2,1,14,14,5,True
2023-01-14,4260705920249,1,4.69,-8,4.69,1,2,1,14,14,5,True
2023-01-14,4260705920416,1,7.19,-10,7.19,1,2,1,14,14,5,True
2023-01-14,4260705920102,1,6.79,-3,6.79,1,2,1,14,14,5,True
2023-01-14,4260705920096,1,5.59,-5,5.59,1,2,1,14,14,5,True
2023-01-14,4260705920072,1,5.99,-5,5.99,1,2,1,14,14,5,True
2023-01-14,4260705920010,1,4.29,-5,4.29,1,2,1,14,14,5,True
2023-01-14,4260705920164,1,7.49,-7,7.49,1,2,1,14,14,5,True
2023-01-16,4260705920034,1,3.89,-4,3.89,1,3,2,16,16,0,False
2023-01-16,4260705920010,1,4.29,-6,4.29,1,3,2,16,16,0,False
2023-01-16,4260705920423,1,4.99,-9,4.99,1,3,2,16,16,0,False
2023-01-16,4260705920102,1,6.79,-4,6.79,1,3,2,16,16,0,False
2023-01-17,4260705920522,1,6.49,-3,6.49,1,3,2,17,17,1,False
2023-01-17,4260705920416,1,7.19,-11,7.19,1,3,2,17,17,1,False
2023-01-17,4260705920157,1,7.49,-8,7.49,1,3,2,17,17,1,False
2023-01-17,4260705920072,1,5.99,-6,5.99,1,3,2,17,17,1,False
2023-01-17,4260705920102,1,6.79,-5,6.79,1,3,2,17,17,1,False
2023-01-17,4260705920164,1,7.49,-8,7.49,1,3,2,17,17,1,False
2023-01-17,4260705920010,1,4.29,-7,4.29,1,3,2,17,17,1,False
2023-01-18,4260705920324,1,10.99,-10,10.99,1,3,2,18,18,2,False
2023-01-18,4260705920249,1,4.69,-7,4.69,1,3,2,18,18,2,False
2023-01-18,4260705920010,1,4.29,-6,4.29,1,3,2,18,18,2,False
2023-01-19,4260705920249,1,4.69,-8,4.69,1,3,2,19,19,3,False
2023-01-19,4260705920423,1,4.99,-7,4.99,1,3,2,19,19,3,False
2023-01-19,4260705920072,1,5.99,-2,5.99,1,3,2,19,19,3,False
2023-01-19,4260705920300,1,15.49,-4,15.49,1,3,2,19,19,3,False
2023-01-19,4260705920324,1,10.99,-11,10.99,1,3,2,19,19,3,False
2023-01-19,4260705920416,1,7.19,-8,7.19,1,3,2,19,19,3,False
2023-01-19,4260705920522,1,6.49,-2,6.49,1,3,2,19,19,3,False
2023-01-19,4260705920010,1,4.29,-7,4.29,1,3,2,19,19,3,False
2023-01-20,4260705920072,1,5.99,-3,5.99,1,3,2,20,20,4,False
2023-01-20,4260705920249,1,4.69,-9,4.69,1,3,2,20,20,4,False
2023-01-20,4260705920324,2,10.99,-13,21.98,1,3,2,20,20,4,False
2023-01-20,4260705920416,1,7.19,-9,7.19,1,3,2,20,20,4,False
2023-01-20,4260705920546,1,7.79,-1,7.79,1,3,2,20,20,4,False
2023-01-20,4260705920294,2,15.99,-13,31.98,1,3,2,20,20,4,False
2023-01-21,4260705920072,1,5.99,-4,5.99,1,3,2,21,21,5,True
2023-01-21,4260705920300,1,15.49,-5,15.49,1,3,2,21,21,5,True
2023-01-21,4260705920294,1,15.99,-14,15.99,1,3,2,21,21,5,True
2023-01-21,4260705920010,1,4.29,-8,4.29,1,3,2,21,21,5,True
2023-01-21,4260705920157,1,7.49,-7,7.49,1,3,2,21,21,5,True
2023-01-23,4260705920416,1,7.19,-7,7.19,1,4,3,23,23,0,False
2023-01-23,4260705920423,1,4.99,-6,4.99,1,4,3,23,23,0,False
2023-01-23,4260705920294,1,15.99,-12,15.99,1,4,3,23,23,0,False
2023-01-23,4260705920324,1,10.99,-10,10.99,1,4,3,23,23,0,False
2023-01-23,4260705920102,1,6.79,-2,6.79,1,4,3,23,23,0,False
2023-01-23,4260705920034,1,3.89,-4,3.89,1,4,3,23,23,0,False
2023-01-23,4260705920249,1,4.69,-7,4.69,1,4,3,23,23,0,False
2023-01-24,4260705920249,1,4.69,-8,4.69,1,4,3,24,24,1,False
2023-01-24,4260705920294,1,15.99,-13,15.99,1,4,3,24,24,1,False
2023-01-24,4260705920300,1,15.49,-4,15.49,1,4,3,24,24,1,False
2023-01-24,4260705920324,1,10.99,-11,10.99,1,4,3,24,24,1,False
2023-01-24,4260705920416,1,7.19,-8,7.19,1,4,3,24,24,1,False
2023-01-24,4260705920423,1,4.99,-7,4.99,1,4,3,24,24,1,False
2023-01-24,4260705920522,1,6.49,-1,6.49,1,4,3,24,24,1,False
2023-01-24,4260705920034,1,3.89,-5,3.89,1,4,3,24,24,1,False
2023-01-24,4260705920072,1,5.99,-1,5.99,1,4,3,24,24,1,False
2023-01-24,4260705920102,1,6.79,-3,6.79,1,4,3,24,24,1,False
2023-01-24,4260705920157,1,7.49,-6,7.49,1,4,3,24,24,1,False
2023-01-24,4260705920164,1,7.49,-6,7.49,1,4,3,24,24,1,False
2023-01-24,4260705920010,1,4.29,-4,4.29,1,4,3,24,24,1,False
2023-01-26,4260705920034,1,3.89,-6,3.89,1,4,3,26,26,3,False
2023-01-26,4260705920522,1,6.49,-2,6.49,1,4,3,26,26,3,False
2023-01-26,4260705920157,1,7.49,-7,7.49,1,4,3,26,26,3,False
2023-01-26,4260705920416,1,7.19,-9,7.19,1,4,3,26,26,3,False
2023-01-26,4260705920249,1,4.69,-9,4.69,1,4,3,26,26,3,False
2023-01-26,4260705920324,1,10.99,-12,10.99,1,4,3,26,26,3,False
2023-01-26,4260705920225,1,3.29,-3,3.29,1,4,3,26,26,3,False
2023-01-27,4260705920294,1,15.99,-14,15.99,1,4,3,27,27,4,False
2023-01-27,4260705920072,1,5.99,-2,5.99,1,4,3,27,27,4,False
2023-01-27,4260705920416,1,7.19,-10,7.19,1,4,3,27,27,4,False
2023-01-27,4260705920324,1,10.99,-13,10.99,1,4,3,27,27,4,False
2023-01-28,4260705920508,1,7.79,-1,7.79,1,4,3,28,28,5,True
2023-01-28,4260705920324,1,10.99,-14,10.99,1,4,3,28,28,5,True
2023-01-28,4260705920416,1,7.19,-11,7.19,1,4,3,28,28,5,True
2023-01-28,4260705920423,1,4.99,-8,4.99,1,4,3,28,28,5,True
2023-01-28,4260705920300,1,15.49,-5,15.49,1,4,3,28,28,5,True
2023-01-28,4260705920294,2,15.99,-16,31.98,1,4,3,28,28,5,True
2023-01-28,4260705920072,1,5.99,-3,5.99,1,4,3,28,28,5,True
2023-01-28,4260705920522,1,6.49,-3,6.49,1,4,3,28,28,5,True
2023-01-28,4260705920546,1,7.79,-1,7.79,1,4,3,28,28,5,True
2023-01-28,4260705920249,1,4.69,-10,4.69,1,4,3,28,28,5,True
2023-01-30,4260705920324,1,10.99,-10,10.99,1,5,4,30,30,0,False
2023-01-30,4260705920010,1,4.29,-4,4.29,1,5,4,30,30,0,False
2023-01-30,4260705920072,1,5.99,-1,5.99,1,5,4,30,30,0,False
2023-01-30,4260705920164,1,7.49,-6,7.49,1,5,4,30,30,0,False
2023-01-30,4260705920102,1,6.79,-2,6.79,1,5,4,30,30,0,False
2023-01-30,4260705920416,1,7.19,-7,7.19,1,5,4,30,30,0,False
2023-01-30,4260705920522,1,6.49,-1,6.49,1,5,4,30,30,0,False
2023-01-30,4260705920300,1,15.49,-4,15.49,1,5,4,30,30,0,False
2023-01-30,4260705920294,1,15.99,-12,15.99,1,5,4,30,30,0,False
2023-01-31,4260705920249,1,4.69,-7,4.69,1,5,4,31,31,1,False
2023-01-31,4260705920294,1,15.99,-13,15.99,1,5,4,31,31,1,False
2023-01-31,4260705920423,1,4.99,-6,4.99,1,5,4,31,31,1,False
2023-02-01,4260705920324,1,10.99,-11,10.99,2,5,0,32,1,2,False
2023-02-01,4260705920300,1,15.49,-5,15.49,2,5,0,32,1,2,False
2023-02-01,4260705920157,1,7.49,-6,7.49,2,5,0,32,1,2,False
2023-02-01,4260705920102,1,6.79,-3,6.79,2,5,0,32,1,2,False
2023-02-01,4260705920164,1,7.49,-7,7.49,2,5,0,32,1,2,False
2023-02-01,4260705920423,1,4.99,-7,4.99,2,5,0,32,1,2,False
2023-02-01,4260705920522,1,6.49,-2,6.49,2,5,0,32,1,2,False
2023-02-01,4260705920294,1,15.99,-14,15.99,2,5,0,32,1,2,False
2023-02-01,4260705920034,1,3.89,-4,3.89,2,5,0,32,1,2,False
2023-02-02,4260705920195,1,4.99,-3,4.99,2,5,0,33,2,3,False
2023-02-02,4260705920324,1,10.99,-12,10.99,2,5,0,33,2,3,False
2023-02-02,4260705920034,1,3.89,-5,3.89,2,5,0,33,2,3,False
2023-02-02,4260705920072,1,5.99,-2,5.99,2,5,0,33,2,3,False
2023-02-02,4260705920102,1,6.79,-4,6.79,2,5,0,33,2,3,False
2023-02-02,4260705920522,1,6.49,-3,6.49,2,5,0,33,2,3,False
2023-02-02,4260705920249,1,4.69,-8,4.69,2,5,0,33,2,3,False
2023-02-02,4260705920010,1,4.29,-5,4.29,2,5,0,33,2,3,False
2023-02-03,4260705920522,1,6.49,-4,6.49,2,5,0,34,3,4,False
2023-02-03,4260705920324,1,10.99,-13,10.99,2,5,0,34,3,4,False
2023-02-03,4260705920164,1,7.49,-8,7.49,2,5,0,34,3,4,False
2023-02-03,4260705920607,1,12.49,-1,12.49,2,5,0,34,3,4,False
2023-02-03,4260705920560,1,3.99,-1,3.99,2,5,0,34,3,4,False
2023-02-03,4260705920010,1,4.29,-6,4.29,2,5,0,34,3,4,False
2023-02-03,4260705920300,1,15.49,-6,15.49,2,5,0,34,3,4,False
2023-02-03,4260705920072,1,5.99,-3,5.99,2,5,0,34,3,4,False
2023-02-03,4260705920102,1,6.79,-5,6.79,2,5,0,34,3,4,False
2023-02-03,4260705920195,1,4.99,-4,4.99,2,5,0,34,3,4,False
2023-02-03,4260705920201,1,5.99,-1,5.99,2,5,0,34,3,4,False
2023-02-03,4260705920218,1,5.99,-1,5.99,2,5,0,34,3,4,False
2023-02-03,4260705920249,1,4.69,-9,4.69,2,5,0,34,3,4,False
2023-02-03,4260705920294,1,15.99,-15,15.99,2,5,0,34,3,4,False
2023-02-03,4260705920423,1,4.99,-8,4.99,2,5,0,34,3,4,False
2023-02-03,4260705920157,1,7.49,-7,7.49,2,5,0,34,3,4,False
2023-02-04,4260705920522,1,6.49,-5,6.49,2,5,0,35,4,5,True
2023-02-04,4260705920300,1,15.49,-7,15.49,2,5,0,35,4,5,True
2023-02-04,4260705920294,2,15.99,-17,31.98,2,5,0,35,4,5,True
2023-02-04,4260705920096,1,5.59,-4,5.59,2,5,0,35,4,5,True
2023-02-04,4260705920072,1,5.99,-4,5.99,2,5,0,35,4,5,True
2023-02-04,4260705920010,1,4.29,-7,4.29,2,5,0,35,4,5,True
2023-02-04,4260705920416,1,7.19,-8,7.19,2,5,0,35,4,5,True
2023-02-04,4260705920423,1,4.99,-9,4.99,2,5,0,35,4,5,True
2023-02-04,4260705920324,1,10.99,-14,10.99,2,5,0,35,4,5,True
