Nummer,EAN
M.01,4260705920003
M.02,4260705920010
M.03,4260705920027
M.04,4260705920034
M.05,4260705920041
M.06,4260705920058
M.07,4260705920065
M.08,4260705920072
M.09,4260705920089
M.10,4260705920096
M.11,4260705920102
M.12,4260705920119
M.13,4260705920126
M.14,4260705920133
M.15,4260705920140
M.16,4260705920157
M.17,4260705920164
M.18,4260705920171
M.19,4260705920188
M.20,4260705920348
M.21,4260705920331
M.22,4260705920195
M.23,4260705920201
M.24,4260705920218
M.25,4260705920225
M.26,4260705920232
M.27,4260705920249
M.28,4260705920256
M.29,4260705920379
M.30,4260705920386
M.31,4260705920393
M.32,4260705920423
MS.14,4260705920577
MS.01,4260705920263
MS.02,4260705920270
MS.03,4260705920287
MS.04,4260705920294
MS.07,4260705920324
MS.06,4260705920317
MS.05,4260705920300
MS.08,4260705920409
MS.09,4260705920416
M.37,4260705920430
M.34,4260705920447
M.35,4260705920454
M.36,4260705920461
MS.13,4260705920478
M.38,4260705920485
MS.11,4260705920492
MS.12,4260705920508
M.40,4260705920515
M.41,4260705920522
M.42,4260705920539
M.43,4260705920546
M.44,4260705920553
M.45,4260705920560
MZ.01,4260705920362
M.46,4260705920584
M.47,4260705920591
M.48,4260705920607
M.49,4260705920614
M.50,4260705920621
M.51,4260705920638