ProductID,WeekoftheYear,Date,Price,Quantity,Price_Total_perOrder,Quantity_perWeek
4260705920003,37,2022-09-13,3.39,1,3.39,1
4260705920003,43,2022-10-24,3.39,1,3.39,-3
4260705920010,1,2023-01-02,4.29,1,4.29,-4
4260705920010,1,2023-01-03,4.29,1,4.29,-5
4260705920010,1,2023-01-05,4.29,1,4.29,-6
4260705920010,1,2023-01-06,4.29,1,4.29,-7
4260705920010,1,2023-01-07,4.29,1,4.29,-8
4260705920010,2,2023-01-13,4.29,1,4.29,-4
4260705920010,2,2023-01-14,4.29,1,4.29,-5
4260705920010,3,2023-01-16,4.29,1,4.29,-6
4260705920010,3,2023-01-17,4.29,1,4.29,-7
4260705920010,3,2023-01-18,4.29,1,4.29,-6
4260705920010,3,2023-01-19,4.29,1,4.29,-7
4260705920010,3,2023-01-21,4.29,1,4.29,-8
4260705920010,4,2023-01-24,4.29,1,4.29,-4
4260705920010,5,2023-01-30,4.29,1,4.29,-4
4260705920010,5,2023-02-02,4.29,1,4.29,-5
4260705920010,5,2023-02-03,4.29,1,4.29,-6
4260705920010,5,2023-02-04,4.29,1,4.29,-7
4260705920010,36,2022-09-09,4.29,1,4.29,-1
4260705920010,37,2022-09-13,4.29,1,4.29,2
4260705920010,37,2022-09-15,4.29,1,4.29,-2
4260705920010,39,2022-09-29,4.29,1,4.29,-4
4260705920010,39,2022-10-01,4.29,1,4.29,-5
4260705920010,40,2022-10-04,4.29,1,4.29,-4
4260705920010,40,2022-10-05,4.29,1,4.29,-5
4260705920010,40,2022-10-06,4.29,1,4.29,-6
4260705920010,40,2022-10-07,4.29,1,4.29,-7
4260705920010,40,2022-10-08,4.29,1,4.29,-8
4260705920010,41,2022-10-10,4.29,1,4.29,-9
4260705920010,41,2022-10-12,4.29,1,4.29,-5
4260705920010,42,2022-10-18,4.29,1,4.29,-4
4260705920010,42,2022-10-20,4.29,1,4.29,-5
4260705920010,42,2022-10-21,4.29,1,4.29,-6
4260705920010,42,2022-10-22,4.29,1,4.29,-7
4260705920010,43,2022-10-24,4.29,1,4.29,-8
4260705920010,43,2022-10-25,4.29,1,4.29,-5
4260705920010,43,2022-10-26,4.29,1,4.29,-6
4260705920010,43,2022-10-28,4.29,1,4.29,-7
4260705920010,44,2022-11-02,4.29,1,4.29,-4
4260705920010,44,2022-11-03,4.29,1,4.29,-5
4260705920010,44,2022-11-04,4.29,1,4.29,-6
4260705920010,45,2022-11-08,4.29,1,4.29,-4
4260705920010,45,2022-11-09,4.29,1,4.29,-5
4260705920010,45,2022-11-10,4.29,1,4.29,-6
4260705920010,45,2022-11-11,4.29,1,4.29,-7
4260705920010,45,2022-11-12,4.29,1,4.29,-8
4260705920010,46,2022-11-16,4.29,1,4.29,-4
4260705920010,46,2022-11-17,4.29,1,4.29,-5
4260705920010,46,2022-11-18,4.29,1,4.29,-6
4260705920010,46,2022-11-19,4.29,1,4.29,-7
4260705920010,47,2022-11-22,4.29,1,4.29,-4
4260705920010,47,2022-11-23,4.29,1,4.29,-5
4260705920010,47,2022-11-24,4.29,1,4.29,-6
4260705920010,47,2022-11-25,4.29,1,4.29,-7
4260705920010,48,2022-11-29,4.29,1,4.29,-4
4260705920010,48,2022-11-30,4.29,1,4.29,-5
4260705920010,48,2022-12-01,4.29,1,4.29,-6
4260705920010,48,2022-12-03,4.29,1,4.29,-7
4260705920010,49,2022-12-07,4.29,1,4.29,-4
4260705920010,49,2022-12-08,4.29,1,4.29,-5
4260705920010,49,2022-12-09,4.29,1,4.29,-6
4260705920010,49,2022-12-10,4.29,1,4.29,-7
4260705920010,50,2022-12-12,4.29,1,4.29,-8
4260705920010,50,2022-12-14,4.29,1,4.29,-5
4260705920010,50,2022-12-15,4.29,1,4.29,-6
4260705920010,50,2022-12-16,4.29,1,4.29,-7
4260705920010,51,2022-12-19,4.29,1,4.29,-8
4260705920010,51,2022-12-22,4.29,1,4.29,-5
4260705920010,51,2022-12-23,4.29,1,4.29,-6
4260705920010,52,2022-12-27,4.29,1,4.29,-4
4260705920010,52,2022-12-30,4.29,1,4.29,-5
4260705920027,37,2022-09-12,3.59,1,3.59,2
4260705920027,37,2022-09-13,3.59,1,3.59,2
4260705920027,37,2022-09-14,3.59,1,3.59,-2
4260705920027,37,2022-09-15,3.59,1,3.59,-3
4260705920027,39,2022-09-29,3.59,1,3.59,-4
4260705920027,39,2022-09-30,3.59,2,7.18,-6
4260705920027,43,2022-10-24,3.89,1,3.89,-4
4260705920027,44,2022-11-05,3.89,1,3.89,-4
4260705920027,46,2022-11-19,3.89,1,3.89,-4
4260705920027,47,2022-11-25,3.89,1,3.89,-4
4260705920027,49,2022-12-05,3.89,1,3.89,-4
4260705920027,50,2022-12-12,3.89,1,3.89,-5
4260705920027,50,2022-12-13,3.89,1,3.89,-5
4260705920027,50,2022-12-14,3.89,1,3.89,-6
4260705920027,51,2022-12-19,3.89,1,3.89,-7
4260705920027,51,2022-12-20,3.89,1,3.89,-5
4260705920034,3,2023-01-16,3.89,1,3.89,-4
4260705920034,4,2023-01-23,3.89,1,3.89,-4
4260705920034,4,2023-01-24,3.89,1,3.89,-5
4260705920034,4,2023-01-26,3.89,1,3.89,-6
4260705920034,5,2023-02-01,3.89,1,3.89,-4
4260705920034,5,2023-02-02,3.89,1,3.89,-5
4260705920034,37,2022-09-14,3.39,1,3.39,-1
4260705920034,37,2022-09-15,3.39,1,3.39,-2
4260705920034,39,2022-09-29,3.39,1,3.39,-4
4260705920034,39,2022-09-30,3.39,1,3.39,-5
4260705920034,39,2022-10-01,3.39,1,3.39,-6
4260705920034,40,2022-10-05,3.39,1,3.39,-4
4260705920034,40,2022-10-08,3.39,1,3.39,-5
4260705920034,41,2022-10-10,3.39,1,3.39,-6
4260705920034,41,2022-10-14,3.39,1,3.39,-5
4260705920034,42,2022-10-22,3.89,1,3.89,-4
4260705920034,43,2022-10-25,3.89,1,3.89,-4
4260705920034,43,2022-10-28,3.89,1,3.89,-5
4260705920034,43,2022-10-29,3.89,1,3.89,-6
4260705920034,44,2022-11-03,3.89,1,3.89,-4
4260705920034,44,2022-11-05,3.89,1,3.89,-5
4260705920034,45,2022-11-07,3.89,1,3.89,-6
4260705920034,45,2022-11-08,3.89,1,3.89,-5
4260705920034,45,2022-11-09,3.89,1,3.89,-6
4260705920034,45,2022-11-10,3.89,1,3.89,-7
4260705920034,45,2022-11-12,3.89,1,3.89,-8
4260705920034,46,2022-11-14,3.89,1,3.89,-9
4260705920034,46,2022-11-16,3.89,1,3.89,-5
4260705920034,47,2022-11-22,3.89,1,3.89,-4
4260705920034,47,2022-11-23,3.89,1,3.89,-5
4260705920034,47,2022-11-26,3.89,1,3.89,-6
4260705920034,48,2022-11-28,3.89,1,3.89,-7
4260705920034,48,2022-11-30,3.89,1,3.89,-5
4260705920034,48,2022-12-01,3.89,1,3.89,-6
4260705920034,49,2022-12-05,3.89,1,3.89,-7
4260705920034,49,2022-12-07,3.89,1,3.89,-5
4260705920034,49,2022-12-08,3.89,1,3.89,-6
4260705920034,50,2022-12-13,3.89,1,3.89,-4
4260705920034,51,2022-12-19,3.89,1,3.89,-5
4260705920034,51,2022-12-20,3.89,1,3.89,-5
4260705920034,52,2022-12-27,3.89,1,3.89,-4
4260705920041,42,2022-10-20,4.89,1,4.89,-1
4260705920058,36,2022-09-10,3.59,1,3.59,-1
4260705920058,37,2022-09-15,3.59,1,3.59,-1
4260705920058,39,2022-09-29,3.59,1,3.59,-3
4260705920058,40,2022-10-05,3.59,1,3.59,-3
4260705920058,40,2022-10-08,3.59,1,3.59,-4
4260705920058,41,2022-10-10,3.59,1,3.59,-5
4260705920058,41,2022-10-12,3.59,1,3.59,-4
4260705920058,42,2022-10-18,3.59,1,3.59,-3
4260705920058,43,2022-10-24,3.59,1,3.59,-4
4260705920058,43,2022-10-29,3.59,1,3.59,-4
4260705920058,45,2022-11-12,3.59,1,3.59,-3
4260705920058,47,2022-11-26,3.59,1,3.59,-3
4260705920065,37,2022-09-17,5.79,1,5.79,-1
4260705920065,38,2022-09-23,5.79,1,5.79,-6
4260705920065,38,2022-09-24,5.79,1,5.79,-7
4260705920065,40,2022-10-07,5.79,1,5.79,-6
4260705920065,40,2022-10-08,5.79,1,5.79,-7
4260705920065,41,2022-10-14,5.79,1,5.79,-6
4260705920065,41,2022-10-15,5.79,1,5.79,-7
4260705920065,42,2022-10-21,5.69,1,5.69,-6
4260705920065,42,2022-10-22,5.69,1,5.69,-7
4260705920065,43,2022-10-28,5.69,1,5.69,-6
4260705920065,43,2022-10-29,5.69,1,5.69,-7
4260705920065,44,2022-11-04,5.69,3,17.07,-8
4260705920065,44,2022-11-05,5.69,2,11.38,-10
4260705920065,45,2022-11-11,5.69,3,17.07,-8
4260705920065,45,2022-11-12,5.69,1,5.69,-9
4260705920072,1,2023-01-05,5.99,1,5.99,-1
4260705920072,1,2023-01-07,5.99,1,5.99,-2
4260705920072,2,2023-01-09,5.99,1,5.99,-1
4260705920072,2,2023-01-11,5.99,1,5.99,-2
4260705920072,2,2023-01-12,5.99,1,5.99,-3
4260705920072,2,2023-01-13,5.99,1,5.99,-4
4260705920072,2,2023-01-14,5.99,1,5.99,-5
4260705920072,3,2023-01-17,5.99,1,5.99,-6
4260705920072,3,2023-01-19,5.99,1,5.99,-2
4260705920072,3,2023-01-20,5.99,1,5.99,-3
4260705920072,3,2023-01-21,5.99,1,5.99,-4
4260705920072,4,2023-01-24,5.99,1,5.99,-1
4260705920072,4,2023-01-27,5.99,1,5.99,-2
4260705920072,4,2023-01-28,5.99,1,5.99,-3
4260705920072,5,2023-01-30,5.99,1,5.99,-1
4260705920072,5,2023-02-02,5.99,1,5.99,-2
4260705920072,5,2023-02-03,5.99,1,5.99,-3
4260705920072,5,2023-02-04,5.99,1,5.99,-4
4260705920072,36,2022-09-10,5.79,1,5.79,-1
4260705920072,37,2022-09-13,5.79,2,11.58,-2
4260705920072,37,2022-09-16,5.79,2,11.58,-4
4260705920072,37,2022-09-17,5.79,2,11.58,-6
4260705920072,38,2022-09-20,5.79,1,5.79,-1
4260705920072,38,2022-09-21,5.79,1,5.79,-2
4260705920072,38,2022-09-22,5.79,1,5.79,-3
4260705920072,38,2022-09-23,5.79,1,5.79,-4
4260705920072,38,2022-09-24,5.79,1,5.79,-5
4260705920072,39,2022-09-26,5.79,1,5.79,-6
4260705920072,39,2022-09-27,5.79,1,5.79,-2
4260705920072,39,2022-09-28,5.79,1,5.79,-3
4260705920072,39,2022-09-30,5.79,3,17.37,-6
4260705920072,39,2022-10-01,5.79,2,11.58,-8
4260705920072,40,2022-10-04,5.79,1,5.79,-1
4260705920072,40,2022-10-05,5.79,1,5.79,-2
4260705920072,40,2022-10-06,5.79,1,5.79,-3
4260705920072,40,2022-10-07,5.79,2,11.58,-5
4260705920072,40,2022-10-08,5.79,2,11.58,-7
4260705920072,41,2022-10-13,5.79,1,5.79,-1
4260705920072,41,2022-10-14,5.79,1,5.79,-2
4260705920072,41,2022-10-15,5.79,1,5.79,-3
4260705920072,42,2022-10-18,5.79,1,5.79,-1
4260705920072,42,2022-10-19,5.79,1,5.79,-2
4260705920072,42,2022-10-20,5.99,2,11.98,-4
4260705920072,42,2022-10-21,5.99,1,5.99,-5
4260705920072,42,2022-10-22,5.99,1,5.99,-6
4260705920072,43,2022-10-25,5.99,1,5.99,-1
4260705920072,43,2022-10-26,5.99,1,5.99,-2
4260705920072,43,2022-10-27,5.99,1,5.99,-3
4260705920072,43,2022-10-28,5.99,1,5.99,-4
4260705920072,43,2022-10-29,5.99,1,5.99,-5
4260705920072,44,2022-11-01,5.99,2,11.98,-2
4260705920072,44,2022-11-03,5.99,1,5.99,-3
4260705920072,44,2022-11-05,5.99,2,11.98,-5
4260705920072,45,2022-11-08,5.99,1,5.99,-1
4260705920072,45,2022-11-09,5.99,1,5.99,-2
4260705920072,45,2022-11-10,5.99,1,5.99,-3
4260705920072,45,2022-11-12,5.99,1,5.99,-4
4260705920072,46,2022-11-17,5.99,1,5.99,-1
4260705920072,46,2022-11-19,5.99,1,5.99,-2
4260705920072,47,2022-11-21,5.99,1,5.99,-3
4260705920072,47,2022-11-22,5.99,1,5.99,-2
4260705920072,47,2022-11-23,5.99,1,5.99,-3
4260705920072,48,2022-11-28,5.99,1,5.99,-4
4260705920072,48,2022-11-29,5.99,1,5.99,-2
4260705920072,48,2022-11-30,5.99,1,5.99,-3
4260705920072,48,2022-12-01,5.99,1,5.99,-4
4260705920072,48,2022-12-02,5.99,1,5.99,-5
4260705920072,49,2022-12-05,5.99,1,5.99,-6
4260705920072,49,2022-12-06,5.99,1,5.99,-2
4260705920072,49,2022-12-07,5.99,1,5.99,-3
4260705920072,49,2022-12-09,5.99,1,5.99,-4
4260705920072,49,2022-12-10,5.99,1,5.99,-5
4260705920072,50,2022-12-14,5.99,1,5.99,-1
4260705920072,50,2022-12-15,5.99,1,5.99,-2
4260705920072,50,2022-12-16,5.99,1,5.99,-3
4260705920072,51,2022-12-21,5.99,1,5.99,-1
4260705920072,51,2022-12-23,5.99,1,5.99,-2
4260705920072,52,2022-12-27,5.99,1,5.99,-1
4260705920089,39,2022-09-30,5.39,1,5.39,-1
4260705920089,44,2022-11-04,2.99,1,2.99,-1
4260705920089,45,2022-11-09,2.99,1,2.99,-1
4260705920089,51,2022-12-19,2.99,1,2.99,-1
4260705920089,51,2022-12-22,2.99,1,2.99,-2
4260705920089,52,2022-12-28,2.99,1,2.99,-1
4260705920089,52,2022-12-29,2.99,1,2.99,-2
4260705920096,1,2023-01-02,5.59,1,5.59,-4
4260705920096,1,2023-01-04,5.59,1,5.59,-5
4260705920096,1,2023-01-05,5.59,1,5.59,-6
4260705920096,2,2023-01-10,5.59,1,5.59,-4
4260705920096,2,2023-01-14,5.59,1,5.59,-5
4260705920096,5,2023-02-04,5.59,1,5.59,-4
4260705920096,36,2022-09-10,5.59,1,5.59,-1
4260705920096,37,2022-09-14,5.59,1,5.59,-1
4260705920096,38,2022-09-19,5.59,1,5.59,-2
4260705920096,38,2022-09-22,5.59,1,5.59,-5
4260705920096,38,2022-09-24,5.59,1,5.59,-6
4260705920096,39,2022-09-27,5.59,1,5.59,-4
4260705920096,39,2022-09-30,5.59,1,5.59,-5
4260705920096,40,2022-10-08,5.59,1,5.59,-4
4260705920096,41,2022-10-10,5.59,1,5.59,-5
4260705920096,41,2022-10-12,5.59,1,5.59,-5
4260705920096,42,2022-10-18,5.59,1,5.59,-4
4260705920096,42,2022-10-22,5.59,1,5.59,-5
4260705920096,43,2022-10-24,5.59,1,5.59,-6
4260705920096,43,2022-10-28,5.59,1,5.59,-5
4260705920096,43,2022-10-29,5.59,1,5.59,-6
4260705920096,44,2022-11-05,5.59,1,5.59,-4
4260705920096,45,2022-11-08,5.59,1,5.59,-4
4260705920096,45,2022-11-11,5.59,1,5.59,-5
4260705920096,46,2022-11-17,5.59,1,5.59,-4
4260705920096,47,2022-11-22,5.59,1,5.59,-4
4260705920096,49,2022-12-09,5.59,1,5.59,-4
4260705920096,50,2022-12-12,5.59,1,5.59,-5
4260705920096,50,2022-12-13,5.59,1,5.59,-5
4260705920096,50,2022-12-16,5.59,1,5.59,-6
4260705920096,51,2022-12-19,5.59,1,5.59,-7
4260705920102,1,2023-01-03,6.79,1,6.79,-2
4260705920102,1,2023-01-04,6.79,1,6.79,-3
4260705920102,1,2023-01-05,6.79,1,6.79,-4
4260705920102,1,2023-01-07,6.79,1,6.79,-5
4260705920102,2,2023-01-12,6.79,1,6.79,-2
4260705920102,2,2023-01-14,6.79,1,6.79,-3
4260705920102,3,2023-01-16,6.79,1,6.79,-4
4260705920102,3,2023-01-17,6.79,1,6.79,-5
4260705920102,4,2023-01-23,6.79,1,6.79,-2
4260705920102,4,2023-01-24,6.79,1,6.79,-3
4260705920102,5,2023-01-30,6.79,1,6.79,-2
4260705920102,5,2023-02-01,6.79,1,6.79,-3
4260705920102,5,2023-02-02,6.79,1,6.79,-4
4260705920102,5,2023-02-03,6.79,1,6.79,-5
4260705920102,36,2022-09-09,6.79,1,6.79,-1
4260705920102,36,2022-09-10,6.79,1,6.79,-2
4260705920102,37,2022-09-13,6.79,1,6.79,0
4260705920102,37,2022-09-16,6.79,1,6.79,-2
4260705920102,37,2022-09-17,6.79,2,13.58,-4
4260705920102,38,2022-09-21,6.79,1,6.79,-2
4260705920102,38,2022-09-24,6.79,1,6.79,-3
4260705920102,39,2022-09-28,6.79,1,6.79,-2
4260705920102,39,2022-09-30,6.79,2,13.58,-4
4260705920102,39,2022-10-01,6.79,2,13.58,-6
4260705920102,40,2022-10-05,6.79,1,6.79,-2
4260705920102,40,2022-10-06,6.79,1,6.79,-3
4260705920102,40,2022-10-07,6.79,1,6.79,-4
4260705920102,40,2022-10-08,6.79,2,13.58,-6
4260705920102,41,2022-10-12,6.79,1,6.79,-2
4260705920102,41,2022-10-14,6.79,1,6.79,-3
4260705920102,42,2022-10-18,6.79,1,6.79,-2
4260705920102,42,2022-10-19,6.79,1,6.79,-3
4260705920102,42,2022-10-20,6.79,1,6.79,-4
4260705920102,42,2022-10-22,6.79,1,6.79,-5
4260705920102,43,2022-10-25,6.79,1,6.79,-2
4260705920102,43,2022-10-26,6.79,1,6.79,-3
4260705920102,43,2022-10-28,6.79,1,6.79,-4
4260705920102,44,2022-11-02,6.79,1,6.79,-2
4260705920102,44,2022-11-03,6.79,1,6.79,-3
4260705920102,44,2022-11-04,6.79,1,6.79,-4
4260705920102,44,2022-11-05,6.79,1,6.79,-5
4260705920102,45,2022-11-07,6.79,1,6.79,-6
4260705920102,45,2022-11-08,6.79,1,6.79,-3
4260705920102,45,2022-11-10,6.79,1,6.79,-4
4260705920102,46,2022-11-14,6.79,1,6.79,-5
4260705920102,46,2022-11-15,6.79,1,6.79,-3
4260705920102,46,2022-11-17,6.79,1,6.79,-4
4260705920102,47,2022-11-22,6.79,1,6.79,-2
4260705920102,47,2022-11-23,6.79,1,6.79,-3
4260705920102,47,2022-11-26,6.79,1,6.79,-4
4260705920102,48,2022-11-30,6.79,1,6.79,-2
4260705920102,48,2022-12-01,6.79,1,6.79,-3
4260705920102,48,2022-12-03,6.79,1,6.79,-4
4260705920102,49,2022-12-05,6.79,1,6.79,-5
4260705920102,49,2022-12-07,6.79,1,6.79,-3
4260705920102,49,2022-12-08,6.79,1,6.79,-4
4260705920102,49,2022-12-09,6.79,1,6.79,-5
4260705920102,50,2022-12-15,6.79,1,6.79,-2
4260705920102,51,2022-12-22,6.79,1,6.79,-2
4260705920102,51,2022-12-23,6.79,1,6.79,-3
4260705920102,52,2022-12-27,6.79,1,6.79,-2
4260705920119,36,2022-09-09,7.99,1,7.99,-1
4260705920119,36,2022-09-10,7.99,1,7.99,-2
4260705920119,37,2022-09-12,7.99,1,7.99,2
4260705920119,37,2022-09-13,7.99,1,7.99,2
4260705920119,37,2022-09-14,7.99,1,7.99,-2
4260705920119,37,2022-09-15,7.99,1,7.99,-3
4260705920119,37,2022-09-16,7.99,1,7.99,-4
4260705920119,38,2022-09-19,7.99,1,7.99,-5
4260705920119,38,2022-09-20,7.99,1,7.99,-5
4260705920119,38,2022-09-23,7.99,1,7.99,-6
4260705920119,38,2022-09-24,7.99,2,15.98,-8
4260705920119,39,2022-09-26,7.99,1,7.99,-9
4260705920119,39,2022-09-27,7.99,1,7.99,-5
4260705920119,39,2022-09-28,7.99,1,7.99,-6
4260705920119,39,2022-09-29,7.99,1,7.99,-7
4260705920119,39,2022-09-30,7.99,3,23.97,-10
4260705920119,39,2022-10-01,7.99,1,7.99,-11
4260705920119,40,2022-10-04,7.99,1,7.99,-4
4260705920119,40,2022-10-05,7.99,1,7.99,-5
4260705920119,40,2022-10-06,7.99,1,7.99,-6
4260705920119,40,2022-10-07,7.99,1,7.99,-7
4260705920119,40,2022-10-08,7.99,1,7.99,-8
4260705920119,41,2022-10-12,7.99,1,7.99,-4
4260705920119,41,2022-10-13,7.99,1,7.99,-5
4260705920119,41,2022-10-15,7.99,1,7.99,-6
4260705920119,42,2022-10-18,7.99,1,7.99,-4
4260705920119,42,2022-10-19,7.99,1,7.99,-5
4260705920119,42,2022-10-21,7.99,1,7.99,-6
4260705920119,42,2022-10-22,7.99,1,7.99,-7
4260705920119,43,2022-10-24,7.99,1,7.99,-8
4260705920119,43,2022-10-25,7.99,1,7.99,-5
4260705920119,43,2022-10-26,7.99,1,7.99,-6
4260705920119,43,2022-10-27,7.99,1,7.99,-7
4260705920119,43,2022-10-28,7.99,1,7.99,-8
4260705920119,43,2022-10-29,7.99,1,7.99,-9
4260705920119,44,2022-11-01,7.99,1,7.99,-4
4260705920119,44,2022-11-04,7.99,3,23.97,-7
4260705920119,44,2022-11-05,7.99,3,23.97,-10
4260705920119,45,2022-11-07,7.99,1,7.99,-11
4260705920119,45,2022-11-08,7.99,1,7.99,-5
4260705920119,45,2022-11-09,7.99,1,7.99,-6
4260705920119,45,2022-11-10,7.99,1,7.99,-7
4260705920119,45,2022-11-11,7.99,1,7.99,-8
4260705920119,45,2022-11-12,7.99,1,7.99,-9
4260705920119,46,2022-11-14,7.99,1,7.99,-10
4260705920119,46,2022-11-15,7.99,1,7.99,-5
4260705920119,46,2022-11-16,7.99,1,7.99,-6
4260705920119,46,2022-11-17,7.99,1,7.99,-7
4260705920119,46,2022-11-19,7.99,1,7.99,-8
4260705920119,47,2022-11-21,7.99,1,7.99,-9
4260705920119,47,2022-11-22,7.99,1,7.99,-5
4260705920119,47,2022-11-23,7.99,1,7.99,-6
4260705920119,47,2022-11-24,7.99,1,7.99,-7
4260705920119,47,2022-11-26,7.99,1,7.99,-8
4260705920119,48,2022-11-29,7.99,1,7.99,-4
4260705920133,37,2022-09-17,8.99,1,8.99,-1
4260705920133,40,2022-10-08,8.99,1,8.99,-1
4260705920133,44,2022-11-01,8.99,1,8.99,-1
4260705920133,44,2022-11-05,8.99,1,8.99,-2
4260705920133,45,2022-11-12,8.99,1,8.99,-1
4260705920133,47,2022-11-26,8.99,1,8.99,-1
4260705920140,36,2022-09-09,8.19,1,8.19,-1
4260705920140,36,2022-09-10,8.19,1,8.19,-2
4260705920140,37,2022-09-12,8.19,1,8.19,2
4260705920140,37,2022-09-13,8.19,1,8.19,2
4260705920140,37,2022-09-15,8.19,1,8.19,-2
4260705920140,37,2022-09-17,8.19,1,8.19,-3
4260705920140,38,2022-09-19,8.19,1,8.19,-4
4260705920140,38,2022-09-22,8.19,1,8.19,-5
4260705920140,38,2022-09-23,8.19,1,8.19,-6
4260705920140,39,2022-09-27,8.19,1,8.19,-4
4260705920140,39,2022-09-28,8.19,1,8.19,-5
4260705920140,39,2022-09-30,8.19,2,16.38,-7
4260705920140,40,2022-10-04,8.19,1,8.19,-4
4260705920140,40,2022-10-05,8.19,1,8.19,-5
4260705920140,40,2022-10-06,8.19,1,8.19,-6
4260705920140,40,2022-10-07,8.19,1,8.19,-7
4260705920140,40,2022-10-08,8.19,1,8.19,-8
4260705920140,41,2022-10-12,8.19,1,8.19,-4
4260705920140,41,2022-10-14,8.19,1,8.19,-5
4260705920140,41,2022-10-15,8.19,1,8.19,-6
4260705920140,42,2022-10-17,8.19,1,8.19,-7
4260705920140,42,2022-10-20,8.19,1,8.19,-5
4260705920140,42,2022-10-22,8.19,1,8.19,-6
4260705920140,43,2022-10-25,8.19,1,8.19,-4
4260705920140,43,2022-10-26,8.19,1,8.19,-5
4260705920140,43,2022-10-27,8.19,1,8.19,-6
4260705920140,43,2022-10-28,8.19,1,8.19,-7
4260705920140,43,2022-10-29,8.19,1,8.19,-8
4260705920140,44,2022-11-05,8.19,1,8.19,-4
4260705920140,46,2022-11-19,8.19,1,8.19,-4
4260705920157,1,2023-01-02,7.49,1,7.49,-6
4260705920157,1,2023-01-06,7.49,1,7.49,-7
4260705920157,1,2023-01-07,7.49,1,7.49,-8
4260705920157,2,2023-01-09,7.49,1,7.49,-6
4260705920157,2,2023-01-14,7.49,1,7.49,-7
4260705920157,3,2023-01-17,7.49,1,7.49,-8
4260705920157,3,2023-01-21,7.49,1,7.49,-7
4260705920157,4,2023-01-24,7.49,1,7.49,-6
4260705920157,4,2023-01-26,7.49,1,7.49,-7
4260705920157,5,2023-02-01,7.49,1,7.49,-6
4260705920157,5,2023-02-03,7.49,1,7.49,-7
4260705920157,36,2022-09-09,7.49,1,7.49,-1
4260705920157,37,2022-09-12,7.49,1,7.49,4
4260705920157,37,2022-09-15,7.49,1,7.49,-1
4260705920157,37,2022-09-17,7.49,1,7.49,-2
4260705920157,38,2022-09-22,7.49,1,7.49,-6
4260705920157,38,2022-09-24,7.49,2,14.98,-8
4260705920157,39,2022-09-28,7.49,1,7.49,-6
4260705920157,39,2022-09-30,7.49,1,7.49,-7
4260705920157,39,2022-10-01,7.49,1,7.49,-8
4260705920157,40,2022-10-06,7.49,1,7.49,-6
4260705920157,40,2022-10-08,7.49,2,14.98,-8
4260705920157,41,2022-10-14,7.49,1,7.49,-6
4260705920157,43,2022-10-24,7.49,1,7.49,-6
4260705920157,43,2022-10-25,7.49,1,7.49,-7
4260705920157,43,2022-10-26,7.49,1,7.49,-8
4260705920157,43,2022-10-27,7.49,1,7.49,-9
4260705920157,43,2022-10-28,7.49,1,7.49,-10
4260705920157,44,2022-11-05,7.49,1,7.49,-6
4260705920157,45,2022-11-11,7.49,1,7.49,-6
4260705920157,46,2022-11-19,7.49,1,7.49,-6
4260705920157,47,2022-11-26,7.49,1,7.49,-6
4260705920157,48,2022-11-28,7.49,1,7.49,-7
4260705920157,48,2022-11-30,7.49,1,7.49,-7
4260705920157,48,2022-12-01,7.49,1,7.49,-8
4260705920157,48,2022-12-03,7.49,1,7.49,-9
4260705920157,49,2022-12-06,7.49,1,7.49,-6
4260705920157,49,2022-12-07,7.49,1,7.49,-7
4260705920157,49,2022-12-08,7.49,1,7.49,-8
4260705920157,49,2022-12-09,7.49,1,7.49,-9
4260705920157,50,2022-12-12,7.49,1,7.49,-10
4260705920157,50,2022-12-17,7.49,1,7.49,-7
4260705920157,51,2022-12-19,7.49,1,7.49,-8
4260705920157,51,2022-12-23,7.49,1,7.49,-7
4260705920157,52,2022-12-27,7.49,1,7.49,-6
4260705920157,52,2022-12-28,7.49,1,7.49,-7
4260705920157,52,2022-12-29,7.49,1,7.49,-8
4260705920157,52,2022-12-30,7.49,1,7.49,-9
4260705920164,1,2023-01-06,7.49,1,7.49,-6
4260705920164,2,2023-01-09,7.49,1,7.49,-6
4260705920164,2,2023-01-14,7.49,1,7.49,-7
4260705920164,3,2023-01-17,7.49,1,7.49,-8
4260705920164,4,2023-01-24,7.49,1,7.49,-6
4260705920164,5,2023-01-30,7.49,1,7.49,-6
4260705920164,5,2023-02-01,7.49,1,7.49,-7
4260705920164,5,2023-02-03,7.49,1,7.49,-8
4260705920164,37,2022-09-17,7.49,1,7.49,-1
4260705920164,38,2022-09-21,7.49,1,7.49,-6
4260705920164,39,2022-09-26,7.49,1,7.49,-7
4260705920164,39,2022-09-28,7.49,1,7.49,-7
4260705920164,39,2022-10-01,7.49,1,7.49,-8
4260705920164,40,2022-10-04,7.49,1,7.49,-6
4260705920164,40,2022-10-05,7.49,1,7.49,-7
4260705920164,40,2022-10-07,7.49,1,7.49,-8
4260705920164,40,2022-10-08,7.49,2,14.98,-10
4260705920164,41,2022-10-10,7.49,1,7.49,-11
4260705920164,41,2022-10-13,7.49,1,7.49,-7
4260705920164,42,2022-10-20,7.49,1,7.49,-6
4260705920164,42,2022-10-22,7.49,1,7.49,-7
4260705920164,43,2022-10-27,7.49,1,7.49,-6
4260705920164,43,2022-10-28,7.49,1,7.49,-7
4260705920164,43,2022-10-29,7.49,1,7.49,-8
4260705920164,44,2022-11-01,7.49,1,7.49,-6
4260705920164,44,2022-11-04,7.49,1,7.49,-7
4260705920164,45,2022-11-08,7.49,1,7.49,-6
4260705920164,45,2022-11-11,7.49,1,7.49,-7
4260705920164,45,2022-11-12,7.49,1,7.49,-8
4260705920164,46,2022-11-16,7.49,1,7.49,-6
4260705920164,46,2022-11-17,7.49,1,7.49,-7
4260705920164,46,2022-11-19,7.49,1,7.49,-8
4260705920164,47,2022-11-26,7.49,1,7.49,-6
4260705920164,48,2022-11-28,7.49,1,7.49,-7
4260705920164,48,2022-11-29,7.49,1,7.49,-7
4260705920164,48,2022-11-30,7.49,1,7.49,-8
4260705920164,48,2022-12-03,7.49,1,7.49,-9
4260705920164,49,2022-12-06,7.49,1,7.49,-6
4260705920164,49,2022-12-08,7.49,1,7.49,-7
4260705920164,50,2022-12-12,7.49,1,7.49,-8
4260705920164,50,2022-12-16,7.49,1,7.49,-7
4260705920164,51,2022-12-19,7.49,1,7.49,-8
4260705920164,51,2022-12-22,7.49,1,7.49,-7
4260705920164,52,2022-12-27,7.49,1,7.49,-6
4260705920164,52,2022-12-29,7.49,1,7.49,-7
4260705920164,52,2022-12-30,7.49,1,7.49,-8
4260705920195,5,2023-02-02,4.99,1,4.99,-3
4260705920195,5,2023-02-03,4.99,1,4.99,-4
4260705920195,38,2022-09-21,4.99,1,4.99,-3
4260705920195,41,2022-10-10,4.99,1,4.99,-3
4260705920195,44,2022-11-01,4.99,2,9.98,-4
4260705920195,46,2022-11-17,4.99,2,9.98,-4
4260705920201,5,2023-02-03,5.99,1,5.99,-1
4260705920201,46,2022-11-17,5.99,2,11.98,-2
4260705920218,5,2023-02-03,5.99,1,5.99,-1
4260705920218,40,2022-10-07,5.99,2,11.98,-2
4260705920218,46,2022-11-17,5.99,1,5.99,-1
4260705920225,1,2023-01-03,3.29,1,3.29,-3
4260705920225,4,2023-01-26,3.29,1,3.29,-3
4260705920225,37,2022-09-12,3.29,1,3.29,1
4260705920225,37,2022-09-15,3.29,1,3.29,-1
4260705920225,38,2022-09-24,3.29,1,3.29,-3
4260705920225,42,2022-10-22,3.29,1,3.29,-3
4260705920225,46,2022-11-17,3.29,1,3.29,-3
4260705920225,48,2022-11-29,3.29,1,3.29,-3
4260705920225,48,2022-12-01,3.29,1,3.29,-4
4260705920225,49,2022-12-06,3.29,1,3.29,-3
4260705920225,49,2022-12-08,3.29,1,3.29,-4
4260705920225,50,2022-12-13,3.29,1,3.29,-3
4260705920225,51,2022-12-22,3.29,1,3.29,-3
4260705920225,52,2022-12-28,3.29,1,3.29,-3
4260705920232,44,2022-11-01,7.99,1,7.99,-1
4260705920249,1,2023-01-04,4.69,1,4.69,-7
4260705920249,1,2023-01-06,4.69,1,4.69,-8
4260705920249,1,2023-01-07,4.69,1,4.69,-9
4260705920249,2,2023-01-09,4.69,1,4.69,-7
4260705920249,2,2023-01-14,4.69,1,4.69,-8
4260705920249,3,2023-01-18,4.69,1,4.69,-7
4260705920249,3,2023-01-19,4.69,1,4.69,-8
4260705920249,3,2023-01-20,4.69,1,4.69,-9
4260705920249,4,2023-01-23,4.69,1,4.69,-7
4260705920249,4,2023-01-24,4.69,1,4.69,-8
4260705920249,4,2023-01-26,4.69,1,4.69,-9
4260705920249,4,2023-01-28,4.69,1,4.69,-10
4260705920249,5,2023-01-31,4.69,1,4.69,-7
4260705920249,5,2023-02-02,4.69,1,4.69,-8
4260705920249,5,2023-02-03,4.69,1,4.69,-9
4260705920249,37,2022-09-13,4.29,1,4.29,5
4260705920249,37,2022-09-14,4.29,2,8.58,-3
4260705920249,37,2022-09-16,4.29,2,8.58,-5
4260705920249,37,2022-09-17,4.29,2,8.58,-7
4260705920249,38,2022-09-21,4.29,1,4.29,-7
4260705920249,38,2022-09-22,4.29,2,8.58,-9
4260705920249,38,2022-09-23,4.29,2,8.58,-11
4260705920249,38,2022-09-24,4.29,1,4.29,-12
4260705920249,39,2022-09-26,4.29,2,8.58,-14
4260705920249,39,2022-09-27,4.29,2,8.58,-10
4260705920249,39,2022-09-29,4.29,1,4.29,-11
4260705920249,39,2022-09-30,4.29,1,4.29,-12
4260705920249,39,2022-10-01,4.29,1,4.29,-13
4260705920249,40,2022-10-05,4.29,2,8.58,-8
4260705920249,40,2022-10-06,4.29,2,8.58,-10
4260705920249,40,2022-10-08,4.29,2,8.58,-12
4260705920249,41,2022-10-10,4.29,3,12.87,-15
4260705920249,41,2022-10-12,4.29,2,8.58,-11
4260705920249,41,2022-10-14,4.29,1,4.29,-12
4260705920249,41,2022-10-15,4.29,2,8.58,-14
4260705920249,42,2022-10-17,4.29,1,4.29,-15
4260705920249,42,2022-10-18,4.29,1,4.29,-8
4260705920249,42,2022-10-21,4.69,1,4.69,-9
4260705920249,42,2022-10-22,4.69,1,4.69,-10
4260705920249,43,2022-10-24,4.69,2,9.38,-12
4260705920249,43,2022-10-27,4.69,1,4.69,-9
4260705920249,43,2022-10-28,4.69,1,4.69,-10
4260705920249,43,2022-10-29,4.69,1,4.69,-11
4260705920249,44,2022-11-01,4.69,1,4.69,-7
4260705920249,44,2022-11-02,4.69,1,4.69,-8
4260705920249,44,2022-11-04,4.69,3,14.07,-11
4260705920249,44,2022-11-05,4.69,3,14.07,-14
4260705920249,45,2022-11-07,4.69,1,4.69,-15
4260705920249,45,2022-11-08,4.69,1,4.69,-8
4260705920249,45,2022-11-10,4.69,1,4.69,-9
4260705920249,45,2022-11-11,4.69,3,14.07,-12
4260705920249,45,2022-11-12,4.69,2,9.38,-14
4260705920249,46,2022-11-15,4.69,1,4.69,-7
4260705920249,46,2022-11-17,4.69,1,4.69,-8
4260705920249,47,2022-11-22,4.69,1,4.69,-7
4260705920249,47,2022-11-23,4.69,1,4.69,-8
4260705920249,47,2022-11-25,4.69,1,4.69,-9
4260705920249,48,2022-11-29,4.69,1,4.69,-7
4260705920249,48,2022-12-01,4.69,1,4.69,-8
4260705920249,48,2022-12-03,4.69,1,4.69,-9
4260705920249,49,2022-12-05,4.69,1,4.69,-10
4260705920249,49,2022-12-07,4.69,1,4.69,-8
4260705920249,49,2022-12-08,4.69,1,4.69,-9
4260705920249,49,2022-12-09,4.69,1,4.69,-10
4260705920249,49,2022-12-10,4.69,1,4.69,-11
4260705920249,50,2022-12-12,4.69,1,4.69,-12
4260705920249,50,2022-12-14,4.69,1,4.69,-8
4260705920249,50,2022-12-17,4.69,1,4.69,-9
4260705920249,51,2022-12-19,4.69,1,4.69,-10
4260705920249,51,2022-12-21,4.69,1,4.69,-8
4260705920249,51,2022-12-22,4.69,1,4.69,-9
4260705920249,51,2022-12-23,4.69,1,4.69,-10
4260705920249,52,2022-12-27,4.69,1,4.69,-7
4260705920263,52,2022-12-27,52.99,1,52.99,-1
4260705920263,52,2022-12-28,52.99,1,52.99,-2
4260705920270,52,2022-12-28,54.99,1,54.99,-1
4260705920287,40,2022-10-07,45.99,1,45.99,-1
4260705920287,44,2022-11-01,45.99,1,45.99,-1
4260705920287,46,2022-11-17,45.99,1,45.99,-1
4260705920287,52,2022-12-27,45.99,1,45.99,-1
4260705920294,1,2023-01-02,15.99,1,15.99,-12
4260705920294,1,2023-01-03,15.99,2,31.98,-14
4260705920294,1,2023-01-04,15.99,1,15.99,-15
4260705920294,1,2023-01-05,15.99,2,31.98,-17
4260705920294,1,2023-01-07,15.99,2,31.98,-19
4260705920294,2,2023-01-12,15.99,1,15.99,-12
4260705920294,2,2023-01-13,15.99,2,31.98,-14
4260705920294,2,2023-01-14,15.99,2,31.98,-16
4260705920294,3,2023-01-20,15.99,2,31.98,-13
4260705920294,3,2023-01-21,15.99,1,15.99,-14
4260705920294,4,2023-01-23,15.99,1,15.99,-12
4260705920294,4,2023-01-24,15.99,1,15.99,-13
4260705920294,4,2023-01-27,15.99,1,15.99,-14
4260705920294,4,2023-01-28,15.99,2,31.98,-16
4260705920294,5,2023-01-30,15.99,1,15.99,-12
4260705920294,5,2023-01-31,15.99,1,15.99,-13
4260705920294,5,2023-02-01,15.99,1,15.99,-14
4260705920294,5,2023-02-03,15.99,1,15.99,-15
4260705920294,5,2023-02-04,15.99,2,31.98,-17
4260705920294,36,2022-09-09,15.99,2,31.98,-2
4260705920294,36,2022-09-10,15.99,1,15.99,-3
4260705920294,37,2022-09-12,15.99,3,47.97,8
4260705920294,37,2022-09-13,15.99,2,31.98,9
4260705920294,37,2022-09-14,15.99,2,31.98,-4
4260705920294,37,2022-09-15,15.99,2,31.98,-6
4260705920294,37,2022-09-16,15.99,2,31.98,-8
4260705920294,37,2022-09-17,15.99,3,47.97,-11
4260705920294,38,2022-09-19,15.99,1,15.99,-12
4260705920294,38,2022-09-20,15.99,1,15.99,-13
4260705920294,38,2022-09-21,15.99,3,47.97,-16
4260705920294,38,2022-09-22,15.99,2,31.98,-18
4260705920294,38,2022-09-23,15.99,3,47.97,-21
4260705920294,38,2022-09-24,15.99,1,15.99,-22
4260705920294,39,2022-09-27,15.99,2,31.98,-13
4260705920294,39,2022-09-28,15.99,2,31.98,-15
4260705920294,39,2022-09-29,15.99,1,15.99,-16
4260705920294,40,2022-10-04,15.99,1,15.99,-12
4260705920294,40,2022-10-05,15.99,2,31.98,-14
4260705920294,40,2022-10-07,15.99,2,31.98,-16
4260705920294,40,2022-10-08,15.99,1,15.99,-17
4260705920294,41,2022-10-10,15.99,2,31.98,-19
4260705920294,41,2022-10-12,15.99,2,31.98,-15
4260705920294,41,2022-10-14,15.99,3,47.97,-18
4260705920294,41,2022-10-15,15.99,1,15.99,-19
4260705920294,42,2022-10-17,15.99,1,15.99,-20
4260705920294,42,2022-10-21,15.99,1,15.99,-13
4260705920294,42,2022-10-22,15.99,2,31.98,-15
4260705920294,43,2022-10-24,15.99,2,31.98,-17
4260705920294,43,2022-10-25,15.99,1,15.99,-14
4260705920294,43,2022-10-26,15.99,1,15.99,-15
4260705920294,43,2022-10-27,15.99,1,15.99,-16
4260705920294,43,2022-10-28,15.99,3,47.97,-19
4260705920294,43,2022-10-29,15.99,3,47.97,-22
4260705920294,44,2022-11-01,15.99,2,31.98,-13
4260705920294,44,2022-11-03,15.99,2,31.98,-15
4260705920294,44,2022-11-04,15.99,1,15.99,-16
4260705920294,44,2022-11-05,15.99,3,47.97,-19
4260705920294,45,2022-11-07,15.99,1,15.99,-20
4260705920294,45,2022-11-09,15.99,2,31.98,-14
4260705920294,45,2022-11-10,15.99,1,15.99,-15
4260705920294,45,2022-11-11,15.99,1,15.99,-16
4260705920294,46,2022-11-15,15.99,1,15.99,-12
4260705920294,46,2022-11-16,15.99,1,15.99,-13
4260705920294,46,2022-11-17,15.99,2,31.98,-15
4260705920294,46,2022-11-18,15.99,1,15.99,-16
4260705920294,46,2022-11-19,15.99,1,15.99,-17
4260705920294,47,2022-11-22,15.99,1,15.99,-12
4260705920294,47,2022-11-23,15.99,1,15.99,-13
4260705920294,47,2022-11-24,15.99,2,31.98,-15
4260705920294,47,2022-11-25,15.99,1,15.99,-16
4260705920294,47,2022-11-26,15.99,1,15.99,-17
4260705920294,48,2022-11-28,15.99,1,15.99,-18
4260705920294,48,2022-11-30,15.99,2,31.98,-14
4260705920294,48,2022-12-01,15.99,2,31.98,-16
4260705920294,48,2022-12-02,15.99,1,15.99,-17
4260705920294,48,2022-12-03,15.99,1,15.99,-18
4260705920294,49,2022-12-07,15.99,2,31.98,-13
4260705920294,49,2022-12-09,15.99,2,31.98,-15
4260705920294,49,2022-12-10,15.99,1,15.99,-16
4260705920294,50,2022-12-14,15.99,1,15.99,-12
4260705920294,50,2022-12-15,15.99,1,15.99,-13
4260705920294,50,2022-12-16,15.99,2,31.98,-15
4260705920294,50,2022-12-17,15.99,1,15.99,-16
4260705920294,51,2022-12-19,15.99,2,31.98,-18
4260705920294,51,2022-12-20,15.99,1,15.99,-14
4260705920294,51,2022-12-21,15.99,2,31.98,-16
4260705920294,51,2022-12-22,15.99,2,31.98,-18
4260705920294,51,2022-12-23,15.99,1,15.99,-19
4260705920294,52,2022-12-27,15.99,2,31.98,-13
4260705920294,52,2022-12-28,15.99,1,15.99,-14
4260705920294,52,2022-12-30,15.99,1,15.99,-15
4260705920294,52,2022-12-31,15.99,2,31.98,-17
4260705920300,1,2023-01-02,15.49,1,15.49,-4
4260705920300,1,2023-01-06,15.49,1,15.49,-5
4260705920300,2,2023-01-13,15.49,1,15.49,-4
4260705920300,2,2023-01-14,15.49,1,15.49,-5
4260705920300,3,2023-01-19,15.49,1,15.49,-4
4260705920300,3,2023-01-21,15.49,1,15.49,-5
4260705920300,4,2023-01-24,15.49,1,15.49,-4
4260705920300,4,2023-01-28,15.49,1,15.49,-5
4260705920300,5,2023-01-30,15.49,1,15.49,-4
4260705920300,5,2023-02-01,15.49,1,15.49,-5
4260705920300,5,2023-02-03,15.49,1,15.49,-6
4260705920300,5,2023-02-04,15.49,1,15.49,-7
4260705920300,36,2022-09-10,15.49,1,15.49,-1
4260705920300,37,2022-09-13,15.49,1,15.49,2
4260705920300,37,2022-09-14,15.49,1,15.49,-2
4260705920300,37,2022-09-16,15.49,1,15.49,-3
4260705920300,38,2022-09-19,15.49,1,15.49,-4
4260705920300,38,2022-09-20,15.49,1,15.49,-5
4260705920300,38,2022-09-22,15.49,1,15.49,-6
4260705920300,38,2022-09-24,15.49,1,15.49,-7
4260705920300,39,2022-09-26,15.49,1,15.49,-8
4260705920300,39,2022-09-28,15.49,1,15.49,-5
4260705920300,39,2022-09-30,15.49,1,15.49,-6
4260705920300,40,2022-10-05,15.49,1,15.49,-4
4260705920300,40,2022-10-06,15.49,1,15.49,-5
4260705920300,40,2022-10-08,15.49,1,15.49,-6
4260705920300,41,2022-10-10,15.49,1,15.49,-7
4260705920300,41,2022-10-12,15.49,1,15.49,-5
4260705920300,41,2022-10-13,15.49,1,15.49,-6
4260705920300,41,2022-10-14,15.49,1,15.49,-7
4260705920300,42,2022-10-17,15.49,1,15.49,-8
4260705920300,42,2022-10-19,15.49,1,15.49,-5
4260705920300,42,2022-10-20,15.49,1,15.49,-6
4260705920300,42,2022-10-22,15.49,1,15.49,-7
4260705920300,43,2022-10-27,15.49,1,15.49,-4
4260705920300,43,2022-10-28,15.49,1,15.49,-5
4260705920300,43,2022-10-29,15.49,1,15.49,-6
4260705920300,44,2022-11-04,15.49,1,15.49,-4
4260705920300,44,2022-11-05,15.49,1,15.49,-5
4260705920300,45,2022-11-12,15.49,1,15.49,-4
4260705920300,46,2022-11-14,15.49,1,15.49,-5
4260705920300,46,2022-11-16,15.49,1,15.49,-5
4260705920300,46,2022-11-19,15.49,1,15.49,-6
4260705920300,47,2022-11-22,15.49,1,15.49,-4
4260705920300,47,2022-11-24,15.49,1,15.49,-5
4260705920300,47,2022-11-25,15.49,1,15.49,-6
4260705920300,48,2022-11-29,15.49,1,15.49,-4
4260705920300,48,2022-11-30,15.49,1,15.49,-5
4260705920300,48,2022-12-01,15.49,1,15.49,-6
4260705920300,48,2022-12-02,15.49,1,15.49,-7
4260705920300,49,2022-12-08,15.49,1,15.49,-4
4260705920300,49,2022-12-09,15.49,1,15.49,-5
4260705920300,49,2022-12-10,15.49,1,15.49,-6
4260705920300,50,2022-12-13,15.49,1,15.49,-4
4260705920300,50,2022-12-16,15.49,1,15.49,-5
4260705920300,50,2022-12-17,15.49,1,15.49,-6
4260705920300,51,2022-12-21,15.49,1,15.49,-4
4260705920300,52,2022-12-30,15.49,1,15.49,-4
4260705920300,52,2022-12-31,15.49,1,15.49,-5
4260705920317,36,2022-09-10,9.99,1,9.99,-1
4260705920317,37,2022-09-12,9.99,1,9.99,2
4260705920317,37,2022-09-14,9.99,1,9.99,-1
4260705920317,37,2022-09-15,9.99,1,9.99,-2
4260705920317,37,2022-09-16,9.99,1,9.99,-3
4260705920317,37,2022-09-17,9.99,1,9.99,-4
4260705920317,38,2022-09-20,9.99,1,9.99,-4
4260705920317,38,2022-09-21,9.99,1,9.99,-5
4260705920317,38,2022-09-22,9.99,1,9.99,-6
4260705920317,39,2022-09-26,9.99,1,9.99,-7
4260705920317,39,2022-09-27,9.99,1,9.99,-5
4260705920317,39,2022-09-28,9.99,1,9.99,-6
4260705920317,39,2022-09-29,9.99,1,9.99,-7
4260705920317,40,2022-10-04,9.99,1,9.99,-4
4260705920317,40,2022-10-05,9.99,1,9.99,-5
4260705920317,40,2022-10-07,9.99,1,9.99,-6
4260705920317,40,2022-10-08,9.99,1,9.99,-7
4260705920317,41,2022-10-10,9.99,1,9.99,-8
4260705920317,41,2022-10-12,9.99,1,9.99,-5
4260705920317,41,2022-10-14,9.99,1,9.99,-6
4260705920317,41,2022-10-15,9.99,1,9.99,-7
4260705920317,42,2022-10-20,9.99,1,9.99,-4
4260705920317,43,2022-10-28,9.99,1,9.99,-4
4260705920317,44,2022-11-01,9.99,1,9.99,-4
4260705920317,44,2022-11-04,9.99,1,9.99,-5
4260705920317,44,2022-11-05,9.99,1,9.99,-6
4260705920317,45,2022-11-12,9.99,1,9.99,-4
4260705920317,52,2022-12-31,9.99,1,9.99,-4
4260705920324,1,2023-01-03,10.99,2,21.98,-11
4260705920324,1,2023-01-05,10.99,1,10.99,-12
4260705920324,1,2023-01-06,10.99,2,21.98,-14
4260705920324,2,2023-01-11,10.99,1,10.99,-10
4260705920324,2,2023-01-12,10.99,1,10.99,-11
4260705920324,2,2023-01-13,10.99,2,21.98,-13
4260705920324,3,2023-01-18,10.99,1,10.99,-10
4260705920324,3,2023-01-19,10.99,1,10.99,-11
4260705920324,3,2023-01-20,10.99,2,21.98,-13
4260705920324,4,2023-01-23,10.99,1,10.99,-10
4260705920324,4,2023-01-24,10.99,1,10.99,-11
4260705920324,4,2023-01-26,10.99,1,10.99,-12
4260705920324,4,2023-01-27,10.99,1,10.99,-13
4260705920324,4,2023-01-28,10.99,1,10.99,-14
4260705920324,5,2023-01-30,10.99,1,10.99,-10
4260705920324,5,2023-02-01,10.99,1,10.99,-11
4260705920324,5,2023-02-02,10.99,1,10.99,-12
4260705920324,5,2023-02-03,10.99,1,10.99,-13
4260705920324,5,2023-02-04,10.99,1,10.99,-14
4260705920324,36,2022-09-09,10.99,1,10.99,-1
4260705920324,36,2022-09-10,10.99,2,21.98,-3
4260705920324,37,2022-09-12,10.99,1,10.99,8
4260705920324,37,2022-09-14,10.99,1,10.99,-1
4260705920324,37,2022-09-15,10.99,1,10.99,-2
4260705920324,37,2022-09-16,10.99,1,10.99,-3
4260705920324,37,2022-09-17,10.99,1,10.99,-4
4260705920324,38,2022-09-19,10.99,1,10.99,-5
4260705920324,38,2022-09-20,10.99,3,32.97,-13
4260705920324,38,2022-09-22,10.99,1,10.99,-14
4260705920324,38,2022-09-23,10.99,1,10.99,-15
4260705920324,38,2022-09-24,10.99,1,10.99,-16
4260705920324,39,2022-09-26,10.99,1,10.99,-17
4260705920324,39,2022-09-27,10.99,2,21.98,-12
4260705920324,39,2022-09-28,10.99,2,21.98,-14
4260705920324,39,2022-09-29,10.99,2,21.98,-16
4260705920324,39,2022-09-30,10.99,1,10.99,-17
4260705920324,40,2022-10-04,10.99,2,21.98,-11
4260705920324,40,2022-10-05,10.99,2,21.98,-13
4260705920324,40,2022-10-06,10.99,2,21.98,-15
4260705920324,40,2022-10-07,10.99,1,10.99,-16
4260705920324,40,2022-10-08,10.99,3,32.97,-19
4260705920324,41,2022-10-11,10.99,1,10.99,-10
4260705920324,41,2022-10-12,10.99,2,21.98,-12
4260705920324,41,2022-10-13,10.99,2,21.98,-14
4260705920324,41,2022-10-14,10.99,2,21.98,-16
4260705920324,41,2022-10-15,10.99,2,21.98,-18
4260705920324,42,2022-10-17,10.99,1,10.99,-19
4260705920324,42,2022-10-18,10.99,2,21.98,-12
4260705920324,42,2022-10-19,10.99,1,10.99,-13
4260705920324,42,2022-10-20,10.99,1,10.99,-14
4260705920324,42,2022-10-21,10.99,2,21.98,-16
4260705920324,42,2022-10-22,10.99,1,10.99,-17
4260705920324,43,2022-10-24,10.99,1,10.99,-18
4260705920324,43,2022-10-25,10.99,2,21.98,-12
4260705920324,43,2022-10-26,10.99,1,10.99,-13
4260705920324,43,2022-10-27,10.99,1,10.99,-14
4260705920324,43,2022-10-28,10.99,2,21.98,-16
4260705920324,43,2022-10-29,10.99,1,10.99,-17
4260705920324,44,2022-11-01,10.99,2,21.98,-11
4260705920324,44,2022-11-02,10.99,1,10.99,-12
4260705920324,44,2022-11-04,10.99,2,21.98,-14
4260705920324,44,2022-11-05,10.99,2,21.98,-16
4260705920324,45,2022-11-08,10.99,1,10.99,-10
4260705920324,45,2022-11-09,10.99,2,21.98,-12
4260705920324,45,2022-11-10,10.99,2,21.98,-14
4260705920324,45,2022-11-11,10.99,2,21.98,-16
4260705920324,45,2022-11-12,10.99,2,21.98,-18
4260705920324,46,2022-11-14,10.99,2,21.98,-20
4260705920324,46,2022-11-17,10.99,2,21.98,-13
4260705920324,46,2022-11-18,10.99,1,10.99,-14
4260705920324,46,2022-11-19,10.99,1,10.99,-15
4260705920324,47,2022-11-21,10.99,2,21.98,-17
4260705920324,47,2022-11-22,10.99,1,10.99,-12
4260705920324,47,2022-11-23,10.99,2,21.98,-14
4260705920324,47,2022-11-24,10.99,2,21.98,-16
4260705920324,47,2022-11-25,10.99,2,21.98,-18
4260705920324,47,2022-11-26,10.99,1,10.99,-19
4260705920324,48,2022-11-28,10.99,2,21.98,-21
4260705920324,48,2022-11-29,10.99,2,21.98,-13
4260705920324,48,2022-11-30,10.99,2,21.98,-15
4260705920324,48,2022-12-01,10.99,2,21.98,-17
4260705920324,48,2022-12-03,10.99,2,21.98,-19
4260705920324,49,2022-12-05,10.99,1,10.99,-20
4260705920324,49,2022-12-07,10.99,2,21.98,-12
4260705920324,49,2022-12-09,10.99,2,21.98,-14
4260705920324,49,2022-12-10,10.99,2,21.98,-16
4260705920324,50,2022-12-12,10.99,2,21.98,-18
4260705920324,50,2022-12-13,10.99,1,10.99,-12
4260705920324,50,2022-12-14,10.99,1,10.99,-13
4260705920324,50,2022-12-15,10.99,1,10.99,-14
4260705920324,50,2022-12-16,10.99,2,21.98,-16
4260705920324,50,2022-12-17,10.99,1,10.99,-17
4260705920324,51,2022-12-19,10.99,1,10.99,-18
4260705920324,51,2022-12-20,10.99,2,21.98,-12
4260705920324,51,2022-12-21,10.99,1,10.99,-13
4260705920324,51,2022-12-23,10.99,2,21.98,-15
4260705920324,52,2022-12-27,10.99,2,21.98,-11
4260705920324,52,2022-12-29,10.99,1,10.99,-12
4260705920324,52,2022-12-30,10.99,1,10.99,-13
4260705920331,36,2022-09-10,8.69,1,8.69,-1
4260705920331,37,2022-09-13,8.69,1,8.69,2
4260705920331,38,2022-09-20,8.69,1,8.69,-7
4260705920331,38,2022-09-22,8.69,1,8.69,-8
4260705920331,39,2022-10-01,8.69,1,8.69,-7
4260705920331,40,2022-10-05,8.69,1,8.69,-7
4260705920331,40,2022-10-06,8.69,1,8.69,-8
4260705920331,40,2022-10-07,8.69,1,8.69,-9
4260705920331,41,2022-10-10,8.69,1,8.69,-10
4260705920331,41,2022-10-12,8.69,1,8.69,-8
4260705920331,41,2022-10-15,8.69,1,8.69,-9
4260705920331,42,2022-10-20,8.69,1,8.69,-7
4260705920331,42,2022-10-22,8.69,1,8.69,-8
4260705920331,43,2022-10-25,8.69,1,8.69,-7
4260705920331,43,2022-10-26,8.69,1,8.69,-8
4260705920331,43,2022-10-28,8.69,1,8.69,-9
4260705920331,44,2022-11-01,8.69,1,8.69,-7
4260705920331,46,2022-11-19,8.69,1,8.69,-7
4260705920331,47,2022-11-26,8.69,1,8.69,-7
4260705920331,50,2022-12-17,8.69,1,8.69,-7
4260705920331,52,2022-12-30,8.69,1,8.69,-7
4260705920362,1,2023-01-02,2.99,1,2.99,-1
4260705920362,2,2023-01-12,2.99,3,8.97,-3
4260705920362,37,2022-09-12,2.99,1,2.99,-1
4260705920362,37,2022-09-16,2.99,2,5.98,-2
4260705920362,39,2022-09-27,2.99,1,2.99,-1
4260705920362,39,2022-09-30,2.99,1,2.99,-2
4260705920362,40,2022-10-07,2.99,1,2.99,-1
4260705920362,41,2022-10-11,2.99,1,2.99,-1
4260705920362,41,2022-10-12,2.99,2,5.98,-3
4260705920362,43,2022-10-24,2.99,1,2.99,-1
4260705920362,43,2022-10-27,2.99,2,5.98,-3
4260705920362,44,2022-11-01,2.99,1,2.99,-1
4260705920362,44,2022-11-05,2.99,1,2.99,-2
4260705920362,46,2022-11-18,2.99,1,2.99,-1
4260705920362,48,2022-12-02,2.99,1,2.99,-1
4260705920362,49,2022-12-05,2.99,2,5.98,-3
4260705920362,49,2022-12-06,2.99,1,2.99,-3
4260705920362,50,2022-12-14,2.99,2,5.98,-2
4260705920362,51,2022-12-21,2.99,1,2.99,-1
4260705920393,2,2023-01-09,2.99,1,2.99,-3
4260705920393,37,2022-09-15,2.99,1,2.99,-1
4260705920393,38,2022-09-19,2.99,1,2.99,-2
4260705920393,39,2022-09-28,2.99,1,2.99,-3
4260705920393,40,2022-10-07,2.99,2,5.98,-4
4260705920393,52,2022-12-27,2.99,1,2.99,-3
4260705920393,52,2022-12-29,2.99,1,2.99,-4
4260705920409,36,2022-09-10,17.49,1,17.49,-1
4260705920409,37,2022-09-12,17.49,1,17.49,2
4260705920409,37,2022-09-13,17.49,1,17.49,2
4260705920409,37,2022-09-14,17.49,1,17.49,-2
4260705920409,37,2022-09-15,17.49,1,17.49,-3
4260705920409,37,2022-09-16,17.49,1,17.49,-4
4260705920409,37,2022-09-17,17.49,1,17.49,-5
4260705920409,38,2022-09-24,17.49,1,17.49,-4
4260705920409,39,2022-09-29,17.49,1,17.49,-4
4260705920409,41,2022-10-10,17.49,1,17.49,-4
4260705920409,41,2022-10-11,17.49,1,17.49,-5
4260705920409,41,2022-10-15,17.49,1,17.49,-6
4260705920409,46,2022-11-17,17.49,1,17.49,-4
4260705920409,52,2022-12-28,17.49,1,17.49,-4
4260705920416,1,2023-01-02,7.19,1,7.19,-7
4260705920416,1,2023-01-03,7.19,1,7.19,-8
4260705920416,1,2023-01-06,7.19,1,7.19,-9
4260705920416,1,2023-01-07,7.19,1,7.19,-10
4260705920416,2,2023-01-09,7.19,1,7.19,-7
4260705920416,2,2023-01-12,7.19,1,7.19,-8
4260705920416,2,2023-01-13,7.19,1,7.19,-9
4260705920416,2,2023-01-14,7.19,1,7.19,-10
4260705920416,3,2023-01-17,7.19,1,7.19,-11
4260705920416,3,2023-01-19,7.19,1,7.19,-8
4260705920416,3,2023-01-20,7.19,1,7.19,-9
4260705920416,4,2023-01-23,7.19,1,7.19,-7
4260705920416,4,2023-01-24,7.19,1,7.19,-8
4260705920416,4,2023-01-26,7.19,1,7.19,-9
4260705920416,4,2023-01-27,7.19,1,7.19,-10
4260705920416,4,2023-01-28,7.19,1,7.19,-11
4260705920416,5,2023-01-30,7.19,1,7.19,-7
4260705920416,5,2023-02-04,7.19,1,7.19,-8
4260705920416,36,2022-09-09,5.99,2,11.98,-2
4260705920416,36,2022-09-10,5.99,1,5.99,-3
4260705920416,37,2022-09-12,5.99,2,11.98,4
4260705920416,37,2022-09-13,5.99,2,11.98,4
4260705920416,37,2022-09-14,5.99,2,11.98,-4
4260705920416,37,2022-09-15,5.99,2,11.98,-6
4260705920416,37,2022-09-16,5.99,1,5.99,-7
4260705920416,37,2022-09-17,5.99,1,5.99,-8
4260705920416,38,2022-09-19,5.99,1,5.99,-9
4260705920416,38,2022-09-20,5.99,1,5.99,-8
4260705920416,38,2022-09-21,5.99,2,11.98,-10
4260705920416,38,2022-09-22,5.99,2,11.98,-12
4260705920416,38,2022-09-23,5.99,1,5.99,-13
4260705920416,38,2022-09-24,5.99,2,11.98,-15
4260705920416,39,2022-09-26,5.99,1,5.99,-16
4260705920416,39,2022-09-27,5.99,2,11.98,-9
4260705920416,39,2022-09-28,5.99,2,11.98,-11
4260705920416,39,2022-09-29,5.99,2,11.98,-13
4260705920416,39,2022-09-30,5.99,3,17.97,-16
4260705920416,39,2022-10-01,5.99,2,11.98,-18
4260705920416,40,2022-10-04,5.99,2,11.98,-8
4260705920416,40,2022-10-05,5.99,2,11.98,-10
4260705920416,40,2022-10-06,5.99,2,11.98,-12
4260705920416,40,2022-10-07,5.99,2,11.98,-14
4260705920416,40,2022-10-08,5.99,2,11.98,-16
4260705920416,41,2022-10-10,5.99,1,5.99,-17
4260705920416,41,2022-10-11,5.99,1,5.99,-8
4260705920416,41,2022-10-12,5.99,2,11.98,-10
4260705920416,41,2022-10-13,5.99,2,11.98,-12
4260705920416,41,2022-10-14,5.99,1,5.99,-13
4260705920416,41,2022-10-15,5.99,1,5.99,-14
4260705920416,42,2022-10-17,5.99,1,5.99,-15
4260705920416,42,2022-10-18,5.99,1,5.99,-8
4260705920416,42,2022-10-19,5.99,1,5.99,-9
4260705920416,42,2022-10-20,7.19,1,7.19,-10
4260705920416,42,2022-10-21,7.19,1,7.19,-11
4260705920416,42,2022-10-22,7.19,1,7.19,-12
4260705920416,43,2022-10-24,7.19,1,7.19,-13
4260705920416,43,2022-10-25,7.19,1,7.19,-8
4260705920416,43,2022-10-26,7.19,1,7.19,-9
4260705920416,43,2022-10-28,7.19,1,7.19,-10
4260705920416,43,2022-10-29,7.19,1,7.19,-11
4260705920416,44,2022-11-02,7.19,1,7.19,-7
4260705920416,44,2022-11-04,7.19,1,7.19,-8
4260705920416,44,2022-11-05,7.19,2,14.38,-10
4260705920416,45,2022-11-08,7.19,1,7.19,-7
4260705920416,45,2022-11-09,7.19,1,7.19,-8
4260705920416,45,2022-11-10,7.19,1,7.19,-9
4260705920416,45,2022-11-11,7.19,1,7.19,-10
4260705920416,45,2022-11-12,7.19,2,14.38,-12
4260705920416,46,2022-11-14,7.19,1,7.19,-13
4260705920416,46,2022-11-15,7.19,1,7.19,-8
4260705920416,46,2022-11-17,7.19,2,14.38,-10
4260705920416,46,2022-11-19,7.19,1,7.19,-11
4260705920416,47,2022-11-21,7.19,1,7.19,-12
4260705920416,47,2022-11-22,7.19,1,7.19,-8
4260705920416,47,2022-11-23,7.19,1,7.19,-9
4260705920416,47,2022-11-24,7.19,1,7.19,-10
4260705920416,47,2022-11-25,7.19,1,7.19,-11
4260705920416,48,2022-11-30,7.19,1,7.19,-7
4260705920416,48,2022-12-01,7.19,1,7.19,-8
4260705920416,49,2022-12-05,7.19,1,7.19,-9
4260705920416,49,2022-12-07,7.19,1,7.19,-8
4260705920416,49,2022-12-08,7.19,1,7.19,-9
4260705920416,49,2022-12-09,7.19,1,7.19,-10
4260705920416,50,2022-12-15,7.19,1,7.19,-7
4260705920416,50,2022-12-16,7.19,1,7.19,-8
4260705920416,50,2022-12-17,7.19,1,7.19,-9
4260705920416,51,2022-12-20,7.19,1,7.19,-7
4260705920416,51,2022-12-21,7.19,1,7.19,-8
4260705920416,51,2022-12-22,7.19,1,7.19,-9
4260705920416,51,2022-12-23,7.19,1,7.19,-10
4260705920416,52,2022-12-27,7.19,2,14.38,-8
4260705920423,1,2023-01-02,4.99,1,4.99,-6
4260705920423,1,2023-01-05,4.99,1,4.99,-7
4260705920423,1,2023-01-06,4.99,1,4.99,-8
4260705920423,2,2023-01-09,4.99,1,4.99,-6
4260705920423,2,2023-01-10,4.99,1,4.99,-7
4260705920423,2,2023-01-14,4.99,1,4.99,-8
4260705920423,3,2023-01-16,4.99,1,4.99,-9
4260705920423,3,2023-01-19,4.99,1,4.99,-7
4260705920423,4,2023-01-23,4.99,1,4.99,-6
4260705920423,4,2023-01-24,4.99,1,4.99,-7
4260705920423,4,2023-01-28,4.99,1,4.99,-8
4260705920423,5,2023-01-31,4.99,1,4.99,-6
4260705920423,5,2023-02-01,4.99,1,4.99,-7
4260705920423,5,2023-02-03,4.99,1,4.99,-8
4260705920423,5,2023-02-04,4.99,1,4.99,-9
4260705920423,37,2022-09-12,4.99,1,4.99,4
4260705920423,37,2022-09-14,4.99,2,9.98,-2
4260705920423,37,2022-09-15,4.99,1,4.99,-3
4260705920423,37,2022-09-16,4.99,1,4.99,-4
4260705920423,38,2022-09-23,4.99,2,9.98,-7
4260705920423,38,2022-09-24,4.99,1,4.99,-8
4260705920423,39,2022-09-26,4.99,1,4.99,-9
4260705920423,39,2022-09-27,4.99,1,4.99,-7
4260705920423,39,2022-09-29,4.99,1,4.99,-8
4260705920423,40,2022-10-05,4.99,1,4.99,-6
4260705920423,40,2022-10-06,4.99,1,4.99,-7
4260705920423,40,2022-10-08,4.99,2,9.98,-9
4260705920423,41,2022-10-10,4.99,1,4.99,-10
4260705920423,41,2022-10-12,4.99,1,4.99,-7
4260705920423,41,2022-10-15,4.99,1,4.99,-8
4260705920423,42,2022-10-19,4.99,1,4.99,-6
4260705920423,42,2022-10-20,4.99,2,9.98,-8
4260705920423,42,2022-10-21,4.99,1,4.99,-9
4260705920423,43,2022-10-24,4.99,1,4.99,-10
4260705920423,43,2022-10-27,4.99,1,4.99,-7
4260705920423,43,2022-10-29,4.99,1,4.99,-8
4260705920423,44,2022-11-02,4.99,1,4.99,-6
4260705920423,44,2022-11-03,4.99,1,4.99,-7
4260705920423,44,2022-11-04,4.99,1,4.99,-8
4260705920423,44,2022-11-05,4.99,2,9.98,-10
4260705920423,45,2022-11-08,4.99,1,4.99,-6
4260705920423,45,2022-11-09,4.99,1,4.99,-7
4260705920423,45,2022-11-10,4.99,1,4.99,-8
4260705920423,45,2022-11-11,4.99,1,4.99,-9
4260705920423,45,2022-11-12,4.99,1,4.99,-10
4260705920423,46,2022-11-16,4.99,1,4.99,-6
4260705920423,46,2022-11-17,4.99,1,4.99,-7
4260705920423,46,2022-11-19,4.99,1,4.99,-8
4260705920423,47,2022-11-21,4.99,1,4.99,-9
4260705920423,47,2022-11-22,4.99,1,4.99,-7
4260705920423,47,2022-11-24,4.99,1,4.99,-8
4260705920423,47,2022-11-25,4.99,1,4.99,-9
4260705920423,48,2022-11-29,4.99,1,4.99,-6
4260705920423,48,2022-11-30,4.99,1,4.99,-7
4260705920423,49,2022-12-07,4.99,1,4.99,-6
4260705920423,49,2022-12-08,4.99,1,4.99,-7
4260705920423,49,2022-12-10,4.99,1,4.99,-8
4260705920423,50,2022-12-12,4.99,1,4.99,-9
4260705920423,50,2022-12-16,4.99,1,4.99,-7
4260705920423,51,2022-12-19,4.99,1,4.99,-8
4260705920423,51,2022-12-23,4.99,1,4.99,-7
4260705920423,52,2022-12-28,4.99,1,4.99,-6
4260705920508,4,2023-01-28,7.79,1,7.79,-1
4260705920508,45,2022-11-12,7.79,1,7.79,-1
4260705920508,47,2022-11-25,7.79,1,7.79,-1
4260705920515,45,2022-11-10,5.49,1,5.49,-1
4260705920515,46,2022-11-17,5.49,1,5.49,-1
4260705920515,47,2022-11-23,5.49,1,5.49,-1
4260705920515,47,2022-11-25,5.49,1,5.49,-2
4260705920515,48,2022-11-29,5.49,1,5.49,-1
4260705920515,48,2022-11-30,5.49,1,5.49,-2
4260705920515,49,2022-12-09,5.49,1,5.49,-1
4260705920515,50,2022-12-16,5.49,1,5.49,-1
4260705920522,1,2023-01-02,6.49,1,6.49,-1
4260705920522,1,2023-01-03,6.49,1,6.49,-2
4260705920522,1,2023-01-05,6.49,1,6.49,-3
4260705920522,1,2023-01-06,6.49,1,6.49,-4
4260705920522,1,2023-01-07,6.49,1,6.49,-5
4260705920522,2,2023-01-09,6.49,1,6.49,-1
4260705920522,2,2023-01-11,6.49,1,6.49,-2
4260705920522,3,2023-01-17,6.49,1,6.49,-3
4260705920522,3,2023-01-19,6.49,1,6.49,-2
4260705920522,4,2023-01-24,6.49,1,6.49,-1
4260705920522,4,2023-01-26,6.49,1,6.49,-2
4260705920522,4,2023-01-28,6.49,1,6.49,-3
4260705920522,5,2023-01-30,6.49,1,6.49,-1
4260705920522,5,2023-02-01,6.49,1,6.49,-2
4260705920522,5,2023-02-02,6.49,1,6.49,-3
4260705920522,5,2023-02-03,6.49,1,6.49,-4
4260705920522,5,2023-02-04,6.49,1,6.49,-5
4260705920522,44,2022-11-04,6.49,2,12.98,-2
4260705920522,44,2022-11-05,6.49,4,25.96,-6
4260705920522,45,2022-11-08,6.49,1,6.49,-1
4260705920522,45,2022-11-11,6.49,1,6.49,-2
4260705920522,45,2022-11-12,6.49,2,12.98,-4
4260705920522,46,2022-11-14,6.49,1,6.49,-5
4260705920522,46,2022-11-15,6.49,1,6.49,-2
4260705920522,46,2022-11-17,6.49,1,6.49,-3
4260705920522,46,2022-11-19,6.49,1,6.49,-4
4260705920522,47,2022-11-21,6.49,1,6.49,-5
4260705920522,47,2022-11-22,6.49,1,6.49,-2
4260705920522,47,2022-11-23,6.49,1,6.49,-3
4260705920522,47,2022-11-24,6.49,1,6.49,-4
4260705920522,47,2022-11-26,6.49,1,6.49,-5
4260705920522,48,2022-11-28,6.49,1,6.49,-6
4260705920522,48,2022-11-30,6.49,1,6.49,-2
4260705920522,48,2022-12-01,6.49,1,6.49,-3
4260705920522,48,2022-12-03,6.49,1,6.49,-4
4260705920522,49,2022-12-06,6.49,1,6.49,-1
4260705920522,49,2022-12-07,6.49,1,6.49,-2
4260705920522,49,2022-12-08,6.49,1,6.49,-3
4260705920522,49,2022-12-10,6.49,1,6.49,-4
4260705920522,50,2022-12-13,6.49,1,6.49,-1
4260705920522,50,2022-12-14,6.49,1,6.49,-2
4260705920522,51,2022-12-19,6.49,1,6.49,-3
4260705920522,51,2022-12-20,6.49,1,6.49,-2
4260705920522,51,2022-12-21,6.49,1,6.49,-3
4260705920522,51,2022-12-22,6.49,1,6.49,-4
4260705920522,51,2022-12-23,6.49,1,6.49,-5
4260705920522,52,2022-12-30,6.49,1,6.49,-1
4260705920539,44,2022-11-04,7.99,1,7.99,-1
4260705920539,46,2022-11-18,7.99,1,7.99,-1
4260705920546,2,2023-01-13,7.79,1,7.79,-1
4260705920546,3,2023-01-20,7.79,1,7.79,-1
4260705920546,4,2023-01-28,7.79,1,7.79,-1
4260705920546,44,2022-11-03,7.79,1,7.79,-1
4260705920546,44,2022-11-04,7.79,1,7.79,-2
4260705920546,44,2022-11-05,7.79,2,15.58,-4
4260705920546,45,2022-11-11,7.79,1,7.79,-1
4260705920546,46,2022-11-18,7.79,1,7.79,-1
4260705920546,47,2022-11-26,7.79,1,7.79,-1
4260705920546,48,2022-12-03,7.79,1,7.79,-1
4260705920546,51,2022-12-23,7.79,1,7.79,-1
4260705920546,52,2022-12-30,7.79,1,7.79,-1
4260705920553,46,2022-11-17,4.49,1,4.49,-1
4260705920560,5,2023-02-03,3.99,1,3.99,-1
4260705920560,44,2022-11-05,3.99,1,3.99,-1
4260705920560,45,2022-11-11,3.99,1,3.99,-1
4260705920577,46,2022-11-17,63.99,1,63.99,-1
4260705920584,45,2022-11-11,8.99,1,8.99,-1
4260705920584,47,2022-11-24,8.99,1,8.99,-1
4260705920591,2,2023-01-10,10.49,1,10.49,-1
4260705920591,45,2022-11-08,10.49,1,10.49,-1
4260705920607,5,2023-02-03,12.49,1,12.49,-1
